name,strength
Abacavir,20mg/mL;300mg
Abacavir-Lamivudine,600mg-300mg
Abacavir-Lamivudine-Zidovudine,300mg-150mg-300mg
ABILIFY,2mg;5mg;10mg;15mg;20mg;30mg
ABILIFY Maintena syringe,300mg;400mg
ABILIFY Maintena vial,300mg;400mg
ABILIFY MyCite maintenance kit,2mg;5mg;10mg;15mg;20mg;30mg
ABILIFY MyCite starter kit,2mg;5mg;10mg;15mg;20mg;30mg
ABSORICA,10mg;20mg;25mg;30mg;35mg;40mg
ABSORICA LD,8mg;16mg;24mg;32mg
Acamprosate,333mg
ACANYA gel,1.2%-2.5%
Acarbose,25mg;50mg;100mg
ACCOLATE,10mg;20mg
ACCRUFER,30mg
ACCUPRIL,5mg;10mg;20mg;40mg
ACCURETIC,12.5mg-10mg;12.5mg-20mg;25mg-20mg
ACCUTANE,10mg;20mg;30mg;40mg
Acebutolol,200mg;400mg
Acetazolamide,125mg;250mg
Acetazolamide ER,500mg
Acetic Acid ear drops,2%
Acetylcysteine solution,10%;20%
ACIPHEX,20mg
Acitretin,10mg;17.5mg;22.5mg;25mg
ACTHIB vaccine,;
ACTICLATE,75mg;150mg
ACTIVELLA,0.5mg-1mg
ACTONEL,35mg;150mg
ACTOPLUS MET,15mg-500mg;15mg-850mg;30mg-1000mg;15mg-1000mg
ACTOS,15mg;30mg;45mg
ACULAR,0.5%
ACULAR LS,0.4%
ACUVAIL,0.45%
Acyclovir,200mg/5mL;200mg;400mg;800mg
Acyclovir cream,5%
Acyclovir ointment,5%
ACZONE,5%;7.5%
ADACEL vaccine,;
Adapalene cream,0.1%;0.3%
Adapalene gel,0.1%;0.3%
Adapalene solution,0.1%
Adapalene-Benzoyl Peroxide gel,0.1%-2.5%;0.3%-2.5%
ADASUVE,10mg
ADCIRCA,20mg
ADDYI,100mg
Adefovir,10mg
ADEMPAS,0.5mg;1mg;1.5mg;2mg;2.5mg
ADLARITY,5mg;10mg
ADLYXIN,10mcg;20mcg
ADMELOG Solostar,100 units/mL
ADMELOG vial,100 units/mL
ADVAIR,100mcg-50mcg;250mcg-50mcg;500mcg-50mcg
ADVAIR HFA,45mcg-21mcg;115mcg-21mcg;230mcg-21mcg
AEMCOLO,194mg
AFIRMELLE,0.1mg-0.02mg
AFLURIA Quad vaccine,;
AFREZZA,4-8 units;8-12 units
AGRYLIN,0.5mg
AIMOVIG,70mg/mL;140mg/mL
AIRDUO Digihaler,55mcg-14mcg;113mcg-14mcg;232mcg-14mcg
AIRDUO RespiClick,55mcg-14mcg;113mcg-14mcg;232mcg-14mcg
AJOVY,225mg/1.5mL
AK-POLY-BAC,;
AKLIEF,0.005%
AKTEN,3.5%
AKYNZEO,300mg-5mg
ALA-CORT,2.5%
ALA-SCALP lotion,2%
Albendazole,200mg
ALBENZA,200mg
Albuterol,2mg/5mL;2mg;4mg
Albuterol inh solution,0.63mg/3mL;1.25mg/3mL;2.5mg/3mL
Albuterol Sulfate HFA,90mcg;108mcg
ALCAINE,0.5%
Alclometasone cream,0.005%
Alclometasone ointment,0.01%
ALDACTAZIDE,25mg-25mg;50mg-50mg
ALDACTONE,25mg;50mg;100mg
ALDARA cream,5%
Alendronate Sodium,70mg/75mL;5mg;10mg;35mg;40mg;70mg
Alfuzosin,10mg
ALINIA,100mg/5mL;500mg
Aliskiren,150mg;300mg
ALKERAN,2mg
ALKINDI ,0.5mg;1mg;2mg;5mg
Allopurinol,100mg;300mg
ALLZITAL,25mg-325mg
Almotriptan,6.25mg;12.5mg
ALOCRIL,2%
Alogliptin,6.25mg;12.5mg;25mg
Alogliptin-Metformin,12.5mg-500mg;12.5mg-1000mg
Alogliptin-Pioglitazone,12.5mg-15mg;12.5mg-30mg;12.5mg-45mg;25mg-15mg;25mg-30mg;25mg-45mg
ALOMIDE,0.1%
Alosetron,0.5mg;1mg
ALPHAGAN P,0.1%;0.15%
ALREX,0.2%
ALTABAX,1%
ALTACE,1.25mg;2.5mg;5mg;10mg
ALTAVERA,0.15mg-0.03mg
ALTOPREV,20mg;40mg;60mg
ALTRENO,0.05%
ALVESCO,80mcg;150mcg
Alvimopan,12mg
ALYACEN 1/35,1mg-0.035mg
ALYACEN 7/7/7,0.5mg-0.75mg-1mg-0.035mg
ALYQ,20mg
AMABELZ,0.5mg-0.1mg
Amantadine capsule,100mg
Amantadine solution,50mg/5mL
Amantadine tablet,100mg
AMARYL,1mg;2mg;4mg
Ambrisentan,5mg;10mg
Amcinonide cream,0.1%
Amcinonide lotion,0.1%
Amcinonide ointment,0.1%
AMELUZ,10%
AMERGE,1mg;2.5mg
AMETHIA,0.15mg-0.03mg-0.01mg
AMETHYST,90mcg-20mcg
AMICAR,0.25g/mL;500mg;1000mg
Amiloride,5mg
Amiloride-HCT,5mg-50mg
Aminocaproic Acid,0.25g/mL;500mg;1000mg
Amiodarone,100mg;200mg;400mg
AMITIZA,8mcg;24mcg
Amitriptyline,10mg;25mg;50mg;75mg;100mg;150mg
Amlodipine,2.5mg;5mg;10mg
Amlodipine-Atorvastatin,2.5mg-10mg;2.5mg-20mg;2.5mg-40mg;5mg-10mg;5mg-20mg;5mg-40mg;5mg-80mg;10mg-10mg;10mg-20mg;10mg-40mg;10mg-80mg
Amlodipine-Benazepril,2.5mg-10mg;5mg-10mg;5mg-20mg;5mg-40mg;10mg-20mg;10mg-40mg
Amlodipine-Olmesartan,5mg-20mg;5mg-40mg;10mg-20mg;10mg-40mg
Amlodipine-Valsartan,5mg-160mg;5mg-320mg;10mg-160mg;10mg-320mg
Amlodipine-Valsartan-HCT,5mg-12.5mg-160mg;5mg-25mg-160mg;10mg-12.5mg-160mg;10mg-25mg-160mg;10mg-25mg-320mg
Ammonium Lactate cream,12%
Ammonium Lactate lotion,12%
AMNESTEEM,10mg;20mg;40mg
Amoxapine,25mg;50mg;100mg;150mg
Amoxicillin powder,125mg/5mL;200mg/5mL;250mg/5mL;400mg/5mL
Amoxicillin tablet,125mg;250mg;500mg;875mg
Amoxicillin-Clavulanate powder,200mg-28.5mg/5mL;250mg-62.5mg/5mL;400mg-57mg/5mL;600mg-42.9mg/5mL
Amoxicillin-Clavulanate tablet,250mg-125mg;500mg-125mg;875mg-125mg
AMOXIL,250mg/5mL;875mg
Ampicillin,250mg;500mg
AMPYRA,10mg
AMRIX,15mg;30mg
Amyl Nitrite,0.3g/3mL
AMZEEQ,4%
ANAFRANIL,25mg;50mg;75mg
Anagrelide,0.5mg;1mg
ANALPRAM HC cream,1%-1%;2.5%-1%
ANALPRAM HC lotion,2.5%-1%
ANAPROX DS,550mg
ANASPAZ,0.125mg
Anastrozole,1mg
ANCOBON,250mg;500mg
ANDRODERM,2mg;4mg
ANDROGEL,1%;1.62%
ANDROXY,10mg
ANGELIQ,0.25mg-0.5mg;0.5mg-1mg
ANNOVERA,;
ANORO Ellipta,62.5mcg-25mcg
ANTARA,30mg;43mg;90mg;130mg
ANTIVERT,12.5mg;25mg;50mg;
ANTIVERT chewable,25mg
ANUCORT-HC,25mg
ANUSOL,2.5%
ANUSOL HC,25mg
APEXICON E,0.05%
APIDRA SoloStar,;
Apixaban,2.5mg;5mg
APLENZIN,174mg;348mg;522mg
Apraclonidine eye drops,0.5%
Apremilast,starter pack;30mg
Aprepitant,40mg;80mg;125mg;125mg-80mg
APRI,0.15mg-0.03mg
APRISO,0.375g
APTIOM,200mg;400mg;600mg;800mg
APTIVUS,250mg
ARAKODA,100mg
ARANELLE,;
ARAVA,10mg;20mg;100mg
ARAZLO,0.045%
Arformoterol inh solution,15mcg/2mL
ARICEPT,5mg;10mg;23mg
ARIMIDEX,1mg
Aripiprazole,1mg/mL;2mg;5mg;10mg;15mg;20mg;30mg
Aripiprazole ODT,10mg;15mg;20mg;30mg
ARIXTRA,2.5mg/0.5mL;5mg/0.4mL;7.5mg/0.6mL;10mg/0.8mL
ARMONAIR Digihaler,55mcg;113mcg;232mcg
ARMOUR THYROID,15mg;30mg;60mg;90mg;120mg;180mg;240mg;300mg
ARNUITY Ellipta,50mcg;100mcg;200mcg
AROMASIN,25mg
ARTHROTEC,50mg-200mcg;75mg-200mcg
ASACOL HD,800mg
Asenapine,2.5mg;5mg;10mg
ASHLYNA,0.15mg-0.03mg-0.01mg
ASMANEX,110mcg;220mcg
ASMANEX HFA,50mcg;100mcg;200mcg
Aspirin-Dipyridamole,25mg-200mg
ASPRUZYO sprinkle,500mg;1000mg
ASTAGRAF XL,0.5mg;1mg;5mg
ATACAND,4mg;8mg;16mg;32mg
ATACAND HCT,16mg-12.5mg;32mg-12.5mg;32mg-25mg
Atazanavir,100mg;150mg;200mg;300mg
ATELVIA,35mg
Atenolol,25mg;50mg;100mg
Atenolol-Chlorthalidone,50mg-25mg;100mg-25mg
ATIVAN,0.5mg;1mg;2mg
Atomoxetine,10mg;18mg;25mg;40mg;60mg;80mg;100mg
Atorvastatin,10mg;20mg;40mg;80mg
Atovaquone,750mg/5mL
Atovaquone-Proguanil,62.5mg-25mg;250mg-100mg
ATRALIN,0.05%
ATRIPLA,600mg-200mg-300mg
ATROPEN Auto-Injector,0.5mg/0.7mL;1mg/0.7mL;2mg/0.7mL
Atropine eye drops,1%
Atropine eye ointment,1%
ATROVENT,17mcg
AUBAGIO,7mg;14mg
AUBRA,0.1mg-0.02mg
AUBRA EQ,0.1mg-0.02mg
AUGMENTIN ES-600,600mg-42.9mg/5mL
AUROVELA 1.5/30,1.5mg-30mcg
AUROVELA 1/20,1mg-20mcg
AUROVELA 24 Fe,1mg-20mcg
AUROVELA Fe 1.5/30,1.5mg-30mcg
AUROVELA Fe 1/20,1mg-20mcg
AURYXIA,210mg
AUSTEDO,6mg;9mg;12mg
AUSTEDO starter pack,;
AUVI-Q,0.1mg/0.1mL;0.15mg/0.15mL;0.3mg/0.3mL
AVALIDE,150mg-12.5mg;300mg-12.5mg
AVAPRO,75mg;150mg;300mg
AVAR,;
AVAR LS,;
AVAR-E,;
AVAR-E Green,;
AVAR-E LS,;
AVIANE,0.1mg-0.02mg
AVITA cream,0.025%
AVITA gel,0.025%
AVODART,0.5mg
AYGESTIN,5mg
AYUNA,0.15mg-0.03mg
AZASAN,75mg;100mg
AZASITE ,1%
Azathioprine,25mg;50mg;75mg;100mg
Azelaic Acid,15%
Azelastine eye drops,0.05%
Azelastine nasal spray,137mcg (0.1%);205.5mcg (0.15%)
Azelastine-Fluticasone,137mcg-50mcg
AZELEX,20%
AZILECT,0.5mg;1mg
Azithromycin,200mg;500mg;600mg
Azithromycin powder,100mg/5mL;200mg/5mL;1g
AZOPT,1%
AZOR,5mg-20mg;5mg-40mg;10mg-20mg;10mg-40mg
AZULFIDINE,500mg
AZULFIDINE DR,500mg
AZURETTE,0.15mg-0.02mg-0.01mg
Bacitracin eye ointment,500 units/g
Bacitracin-Polymyxin B ointment,;
Baclofen,5mg;10mg;20mg
BACTRIM,400mg-80mg
BACTRIM DS,800mg-160mg
BAFIERTAM,95mg
Balsalazide,750mg
BALZIVA,0.4mg-0.035mg
BANZEL,40mg/mL;200mg;400mg
BAQSIMI ,3mg
BARACLUDE,0.05mg/mL;0.5mg;1mg
BASAGLAR,100 units/mL
BAXDELA,450mg
BEKYREE,0.15mg-0.02mg-0.01mg
Benazepril,5mg;10mg;20mg;40mg
Benazepril-HCT,5mg-6.25mg;10mg-12.5mg;20mg-12.5mg;20mg-25mg
BENICAR,5mg;20mg;40mg
BENICAR HCT,12.5mg-20mg;12.5mg-40mg;25mg-40mg
BENSAL HP,;
BENTYL,10mg;20mg
BENZACLIN,1%-5%
BENZAMYCIN,3%-5%
BENZEPRO,6%
Benznidazole,12.5mg;100mg
Benzonatate,100mg;150mg;200mg
Benztropine,0.5mg;1mg;2mg
Bepotastine eye drops,1.5%
BEPREVE,1.5%
BESIVANCE,0.6%
BETAGAN,0.5%
Betamethasone Dipropionate cream,0.05%
Betamethasone Dipropionate cream (aug),0.05%
Betamethasone Dipropionate gel,0.05%
Betamethasone Dipropionate lotion,0.05%
Betamethasone Dipropionate lotion (aug),0.05%
Betamethasone Dipropionate ointment,0.05%
Betamethasone Dipropionate ointment (aug),0.05%
Betamethasone Dipropionate spray,0.05%
Betamethasone Valerate cream,0.1%
Betamethasone Valerate cream,0.12%
Betamethasone Valerate foam,0.12%
Betamethasone Valerate lotion,0.1%
Betamethasone Valerate ointment,0.1%
Betamethasone Valerate ointment,0.12%
BETAPACE,80mg;120mg;160mg
BETAPACE AF,80mg;120mg;160mg
Betaxolol,10mg;20mg
Betaxolol eye drops,0.50%
Bethanechol,5mg;10mg;25mg;50mg
BETHKIS,300mg/4mL
BETIMOL,0.25%;0.5%
BETOPTIC S,0.25%
BEVESPI Aerosphere,9mcg-4.8mcg
Bexarotene,75mg
Bexarotene gel,1%
BEYAZ,3mg-0.02mg-0.451mg-0.451mg
Bicalutamide,50mg
BIDIL,20mg-37.5mg
BIJUVA,1mg-100mg
BIKTARVY,30mg-120mg-15mg;50mg-200mg-25mg
BILTRICIDE,600mg
Bimatoprost eye drops,0.03%
Bimatoprost solution,0.03%
BINOSTO,70mg
Bisoprolol,5mg;10mg
Bisoprolol-HCT,2.5mg-6.25mg;5mg-6.25mg;10mg-6.25mg
BLEPHAMIDE eye drops,10%-0.2%
BLEPHAMIDE eye ointment,10%-0.2%
BLISOVI 24 Fe,1mg-0.02mg
BLISOVI Fe 1.5/30,1.5mg-0.03mg
BLISOVI Fe 1/20,1mg-0.02mg
BONIVA,150mg
BONJESTA,20mg-20mg
BOOSTRIX vaccine,;
Bosentan,62.5mg;125mg
BREO Ellipta,100mcg-25mcg;200mcg-25mcg
BREXAFEMME,150mg
BREYNA,80mcg-4.5mcg;160mcg-4.5mcg
BREZTRI,160mcg-9mcg-4.8mcg
BRIELLYN,0.4mg-0.035mg
BRILINTA,60mg;90mg
Brimonidine eye drops,0.15%;0.2%
Brimonidine-Timolol eye drops,0.2%-0.5%
Brinzolamide eye drops,1%
BRISDELLE,7.5mg
BRIVIACT,10mg/mL;10mg;25mg;50mg;75mg;100mg
BROMFED DM,;
Bromfenac eye drops,0.09%
Bromocriptine,2.5mg;5mg
Brompheniramine-PSE-DM,2mg-30mg-10mg/5mL
BROMSITE,0.075%
BRONCHITOL,40mg
BROVANA,15mcg/2mL
BRYHALI,0.01%
Budesonide,3mg;9mg
Budesonide inh suspension,0.25mg/2mL;0.5mg/2mL;1mg/2mL
Budesonide nasal spray,32mcg
Budesonide rectal foam,28mg
Budesonide-Formorterol,80mcg-4.5mcg;160mcg-4.5mcg
Bumetanide,0.5mg;1mg;2mg
BUMEX,0.5mg;1mg;2mg
BUPAP,50mg-300mg
Bupropion,75mg;100mg
Bupropion SR,100mg;150mg;200mg
Bupropion XL,150mg;300mg;450mg
Buspirone,5mg;7.5mg;10mg;15mg;30mg
Butalbital-Acetaminophen,50mg-300mg;50mg-325mg
Butalbital-Acetaminophen-Caffeine,50mg-300mg-40mg;50mg-325mg-40mg
Butalbital-Aspirin-Caffeine,50mg-325mg-40mg
BYDUREON,2mg/0.65mL
BYDUREON BCise,2mg/0.85mL
BYETTA,250mcg/mL
BYLVAY,200mcg;400mcg;600mcg;1200mcg
BYSTOLIC,2.5mg;5mg;10mg;20mg
C-Nate DHA,;
Cabergoline,0.5mg
CADUET,5mg-10mg;5mg-20mg;5mg-40mg;5mg-80mg;10mg-10mg;10mg-20mg;10mg-40mg;10mg-80mg
CAFERGOT,1mg-100mg
CALAN SR,120mg;180mg;240mg
Calcipotriene cream,0.005%
Calcipotriene foam,0.005%
Calcipotriene ointment,0.005%
Calcipotriene solution,0.005%
Calcipotriene-Betamethasone ointment,0.005%-0.064%
Calcipotriene-Betamethasone suspension,0.005%-0.064%
Calcitonin Salmon spray,200 IU/spray
Calcitrene ointment,0.05%
Calcitriol,1mcg/mL;0.25mcg;0.5mcg
Calcitriol ointment,3mcg/g
Calcium Acetate capsule,667mg
Calcium Acetate tablet,667mg
CAMBIA,50mg
CAMILA,0.35mg
CAMRESE,0.15mg-0.3mg-0.01mg
CAMRESE Lo,0.1mg-0.2mg-0.01mg
CANASA,1000mg
Candesartan,4mg;8mg;16mg;32mg
Candesartan-HCT,16mg-12.5mg;32mg-12.5mg;32mg-25mg
CAPLYTA,10.5mg;21mg;42mg
Captopril,12.5mg;25mg;50mg;100mg
CARAC,0.5%
CARAFATE,1g
CARAFATE suspension,1g/10mL
CARBAGLU,200mg
Carbamazepine,100mg/5mL;200mg
Carbamazepine chewable,100mg
Carbamazepine ER capsule,100mg;200mg;300mg
Carbamazepine ER tablet,100mg;200mg;400mg
CARBATROL,100mg;200mg;300mg
Carbidopa,25mg
Carbidopa-Levodopa,10mg-100mg;25mg-100mg;25mg-250mg
Carbidopa-Levodopa ER,25mg-100mg;50mg-200mg
Carbidopa-Levodopa-Entacapone,50mg-12.5mg-200mg;75mg-18.75mg-200mg;100mg-25mg-200mg;125mg-31.25mg-200mg;150mg-37.5mg-200mg;200mg-50mg-200mg
Carbinoxamine,4mg/5mL;4mg;6mg
CARDIZEM,30mg;60mg;120mg
CARDIZEM CD,120mg;180mg;240mg;300mg;360mg
CARDIZEM LA,120mg;180mg;240mg;300mg;360mg;420mg
CARDURA,1mg;2mg;4mg;8mg
CARDURA ER,4mg;8mg
Carglumic Acid,200mg
CARNITOR,1g/10mL;330mg
CARNITOR SF,1g/10mL
CAROSPIR,25mg/5mL
Carteolol eye drops,1%
CARTIA,120mg;180mg;240mg;300mg
CARTIA XT,300mg
Carvedilol,3.125mg;6.25mg;12.5mg;25mg
Carvedilol ER,10mg;20mg;40mg;80mg
CASODEX,50mg
CASPORYN HC,;
CATAFLAM,50mg
CATAPRES-TTS,0.1mg/day;0.2mg/day;0.3mg/day
CAVERJECT,20mcg;40mcg
CAVERJECT Impulse,10mcg;20mcg
CAZIANT,;
Cefaclor,250mg;500mg
Cefaclor ER,500mg
Cefaclor powder,125mg/5mL;250mg/5mL;375mg/5mL
Cefadroxil,500mg;1000mg
Cefadroxil powder,250mg/5mL;500mg/5mL
Cefdinir,300mg
Cefdinir powder,125mg/5mL;250mg/5mL
Cefixime,400mg
Cefixime powder,100mg/5mL;200mg/5mL;500mg/5mL
Cefpodoxime,100mg;200mg
Cefpodoxime powder,50mg/5mL;100mg/5mL
Cefprozil,250mg;500mg
Cefprozil powder,125mg/5mL;250mg/5mL
Cefuroxime Axetil,125mg;250mg;500mg
CELEBREX,50mg;100mg;200mg;400mg
Celecoxib,50mg;100mg;200mg;400mg
CELEXA,10mg;20mg;40mg
CELLCEPT,250mg;500mg
CELLCEPT powder,200mg/mL
CELONTIN,300mg
CENTANY,2%
Cephalexin capsule,250mg;500mg;750mg;333mg
Cephalexin powder,125mg/5mL;250mg/5mL
Cephalexin tablet,250mg;500mg
CEQUA,900mcg/mL
CERDELGA,84mg
CETRAXAL,2mg/mL
Cevimeline,30mg
CHANTIX,0.5mg;1mg
CHANTIX continuing kit,;
CHANTIX starter kit,;
CHARLOTTE 24 Fe,1mg-20mcg
CHATEAL,0.15mg-0.03mg
CHATEAL EQ,0.15mg-0.03mg
CHEMET,100mg
Chlorhexidine rinse,0.12%
Chloroquine,250mg;500mg
Chlorpromazine,10mg;25mg;50mg;100mg;200mg
Chlorthalidone,25mg;50mg
Chlorzoxazone,250mg;375mg;500mg;750mg
CHOLBAM,50mg;250mg
Cholestyramine Light,4g
Cholestyramine packet,4g
Cholestyramine powder can,4g
CIALIS,2.5mg;5mg;10mg;20mg
CICLODAN solution,;
Ciclopirox cream,0.77%
Ciclopirox gel,0.77%
Ciclopirox shampoo,1%
Ciclopirox solution,8%
Ciclopirox suspension,0.77%
Cilostazol,50mg;100mg
CILOXAN ointment,0.3%
CILOXAN solution,0.3%
CIMDUO,300mg-300mg
Cimetidine,300mg/5mL;200mg;300mg;400mg;800mg
Cinacalcet,30mg;60mg;90mg
CIPRO,250mg;500mg
CIPRO HC,;
CIPRODEX,;
Ciprofloxacin,100mg;250mg;500mg;750mg
Ciprofloxacin eye drops,0.3%
Ciprofloxacin-Dexamethasone ear drops,;
Ciprofloxacin-Fluocinolone ear drops,;
Citalopram,10mg/5mL;10mg;20mg;30mg;40mg
CITRANATAL 90 DHA,;
CITRANATAL ASSURE,;
CITRANATAL B-CALM,;
CITRANATAL BLOOM,;
CITRANATAL HARMONY,;
CITRANATAL MEDLEY,;
CLARAVIS,10mg;20mg;30mg;40mg
CLARINEX,5mg
CLARINEX-D 12 HOUR,2.5mg-120mg
Clarithromycin,250mg;500mg
Clarithromycin ER,500mg
Clarithromycin powder,125mg/5mL;250mg/5mL
Clemastine,0.67mg/5mL;2.68mg
CLENPIQ,;
CLEOCIN,75mg;150mg;300mg
CLEOCIN pediatric,75mg/5mL
CLEOCIN suppository,100mg
CLEOCIN T gel,1%
CLEOCIN T lotion,1%
CLEOCIN T solution,1%
CLEOCIN vaginal cream,2%
CLIMARA,0.025mg/day;0.0375mg/day;0.05mg/day;0.075mg/day;0.1mg/day
CLIMARA Pro,0.045mg-0.015mg/day
CLINDACIN ETZ,10mg
CLINDACIN P,10mg
Clindamycin,75mg;150mg;300mg
Clindamycin foam,1%
Clindamycin gel,1%
Clindamycin lotion,1%
Clindamycin pediatric,75mg/5mL
Clindamycin solution,1%
Clindamycin vaginal cream,2%
Clindamycin-Benzoyl Peroxide gel,1%-5%;1.2%-5%
Clindamycin-Tretinoin gel,1%-0.025%;1.2%-0.025%
CLINDESSE,2%
CLINPRO 5000,;
Clobetasol (emollient) cream,0.05%
Clobetasol cream,0.05%
Clobetasol foam,0.05%
Clobetasol gel,0.05%
Clobetasol lotion,0.05%
Clobetasol ointment,0.05%
Clobetasol shampoo,0.05%
Clobetasol solution,0.05%
Clobetasol spray,0.05%
CLOBEX lotion,0.05%
CLOBEX shampoo,0.05%
CLOBEX spray,0.05%
Clocortolone cream,1%
CLODAN shampoo,0.05%
CLOMID,50mg
Clomiphene,50mg
Clomipramine,25mg;50mg;75mg
Clonidine,0.1mg;0.2mg;0.3mg
Clonidine ER,0.1mg
Clonidine patch,0.1mg/day;0.2mg/day;0.3mg/day
Clopidogrel,75mg;300mg
Clotrimazole cream,1%
Clotrimazole lozenge,10mg
Clotrimazole solution,1%
Clotrimazole-Betamethasone cream,1%-0.05%
Clotrimazole-Betamethasone lotion,1%-0.05%
Clozapine,25mg;50mg;100mg;200mg
Clozapine ODT,12.5mg;25mg;100mg;150mg;200mg
CLOZARIL,25mg;50mg;100mg;200mg
COARTEM,20mg-120mg
COLAZAL,750mg
Colchicine capsule,0.6mg
Colchicine tablet,0.6mg
COLCRYS,0.6mg
Colesevelam,625mg
Colesevelam powder,3.75mg
COLESTID,1g
COLESTID powder,5g
Colestipol,1g
Colestipol powder,5g
Collagenase ointment,;
COMBIGAN,0.2%-0.5%
COMBIPATCH,50mcg-140mcg;50mcg-250mcg
COMBIVENT Respimat,20mcg-100mcg
COMBIVIR,150mg-300mg
COMPLERA,200mg-25mg-300mg
COMPRO,25mg
COMTAN,200mg
CONCEPT DHA,;
CONCEPT OB,;
CONDYLOX,0.5%
CONJUPRI,2.5mg;5mg
CONSTULOSE,10g/15mL
CONTRAVE,8mg-90mg
CORDRAN cream,0.025%;0.05%
CORDRAN lotion,0.05%
CORDRAN ointment,0.05%
CORDRAN tape,4mcg
COREG,3.125mg;6.25mg;12.5mg;25mg
COREG CR,10mg;20mg;40mg;80mg
CORGARD,20mg;40mg;80mg
CORLANOR,5mg/5mL;5mg;7.5mg
CORTEF,5mg;10mg;20mg
CORTENEMA,100mg/60mL
CORTIFOAM,10%
CORTISPORIN TC,;
COSOPT,2%-0.5%
COSOPT PF,2%-0.5%
COUMADIN,1mg;2mg;3mg;5mg;7.5mg;10mg
COZAAR,25mg;50mg;100mg
CREON,3000 IU;6000 IU;12000 IU;24000 IU;36000 IU
CRESEMBA,186mg
CRESTOR,5mg;10mg;20mg;40mg
CRINONE,4%;8%
CRIXIVAN,200mg;400mg
Cromolyn eye drops,4%
Cromolyn inh solution,20mg/2mL;100mg/5mL
CRYSELLE,;
CUPRIMINE,250mg
CUVPOSA,1mg/5mL
Cyanocobalamin,1000mcg/mL
Cyclobenzaprine,5mg;7.5mg;10mg
Cyclobenzaprine ER,15mg;30mg
CYCLOGYL,0.5%;1%;2%
CYCLOMYDRIL,;
Cyclopentolate eye drops,0.5%;1%;2%
Cyclophosphamide capsule,25mg;50mg
Cyclophosphamide tablet,25mg;50mg
Cycloserine,250mg
CYCLOSET,0.8mg
Cyclosporine,100mg/mL;25mg;50mg;100mg
Cyclosporine (modified),25mg;50mg;100mg
Cyclosporine eye drops,0.05%
CYMBALTA,20mg;30mg;60mg
CYONANZ,0.5mg-0.035mg
Cyproheptadine,2mg/5mL;4mg
CYRED EQ,0.15mg-0.03mg
CYSTAGON,50mg;150mg
CYSTARAN,0.65%
CYTOMEL,5mcg;25mcg;50mcg
CYTOTEC,100mcg;200mcg
Dabigatran,75mg;150mg
Dalfampridine,10mg
DALIRESP,250mcg;500mcg
Danazol,50mg;100mg;200mg
DANTRIUM,25mg
Dantrolene,25mg;50mg;100mg
Dapsone,25mg;100mg
Dapsone gel,5%;7.5%
DAPTACEL vaccine,;
DARAPRIM,25mg
Darifenacin ER,7.5mg;15mg
DARTISLA ODT,1.7mg
DASETTA 1/35,1mg-0.035mg
DASETTA 7/7/7,0.5mg-0.75mg-1mg-0.035mg
DAYPRO,600mg
DAYSEE,0.15mg-0.03mg-0.01mg
DAYVIGO,5mg;10mg
DDAVP,0.1mg;0.2mg
Deferasirox,90mg;180mg;360mg
DELSTRIGO,100mg-300mg-300mg
DELZICOL,400mg
Demeclocycline,150mg;300mg
DEMEROL,50mg;100mg
DEMSER,250mg
DENAVIR,1%
DENTA 5000 Plus,1.1%
DENTAGEL,1.1%
DEPAKOTE,125mg
DEPAKOTE DR,125mg;500mg
DEPAKOTE ER,250mg
DEPO-estradiol,5mg/mL
DEPO-medrol,20mg/mL;40mg/mL;80mg/mL
DEPO-provera,150mg/mL
DEPO-testosterone,100mg/mL;200mg/mL
DERMOTIC,0.01%
DESCOVY,120mg-15mg;200mg-25mg
Desipramine,10mg;25mg;50mg;75mg;100mg;150mg
Desloratadine,5mg
Desloratadine ODT,2.5mg;5mg
Desmopressin,0.1mg;0.2mg
Desmopressin nasal spray,0.01%
Desogestrel-Ethinyl Estradiol,0.15mg-0.03mg
DESONATE,0.05%
Desonide gel,0.05%
Desonide lotion,0.05%
Desonide ointment,0.05%
Desonite cream,0.05%
DESOWEN cream,0.05%
DESOWEN lotion,0.05%
Desoximetasone cream,0.25%
Desoximetasone cream,0.05%
Desoximetasone gel,0.05%
Desoximetasone ointment,0.25%
Desoximetasone ointment,0.05%
Desoximetasone spray,0.25%
DESOXYN,5mg
DESRX,0.05%
Desvenlafaxine ER,25mg;50mg;100mg
DETROL,1mg;2mg
DETROL LA,2mg;4mg
Dexamethasone,0.5mg/5mL;0.5mg;0.75mg;1mg;1.5mg;2mg;4mg;6mg
Dexamethasone eye drops,0.1%
Dexamethasone Intensol,1mg/mL
DEXILANT,30mg;60mg
Dexlansoprazole DR,30mg;60mg
DHIVY,25mg-100mg
DIACOMIT,250mg;500mg
Diazoxide,50mg/mL
DIBENZYLINE,10mg
DICLEGIS,10mg-10mg
Diclofenac,35mg
Diclofenac eye drops,0.1%
Diclofenac patch,1.3%
Diclofenac Potassium,25mg;50mg
Diclofenac Potassium powder,50mg
Diclofenac Sodium DR,25mg;50mg;75mg;100mg
Diclofenac Sodium gel,1%;3%
Diclofenac Sodium solution,1.5%
Diclofenac-Misoprostol,50mg-200mg;75mg-200mg
DICLONA,1%-4.5%
Dicloxacillin,250mg;500mg
Dicyclomine,10mg/5mL;10mg;20mg
DIFFERIN cream,0.1%
DIFFERIN gel,0.3%
DIFFERIN lotion,0.1%
DIFICID,200mg/5mL;200mg
Diflorasone cream,0.05%
Diflorasone ointment,0.05%
DIFLUCAN,50mg;100mg;150mg;200mg
DIFLUCAN powder,10mg/mL;40mg/mL
Diflunisal,500mg
Difluprednate eye drops,0.05%
DIGITEK,125mcg;250mcg
DIGOX,125mcg;250mcg
Digoxin,0.05mg/mL;125mcg;250mcg
Dihydroergotamine nasal spray,4mg/mL
DILANTIN,30mg;100mg
DILANTIN Infatabs,50mg
DILANTIN-125,125mg/5mL
Diltiazem,30mg;60mg;90mg;120mg
Diltiazem CD,120mg;180mg;240mg;300mg;360mg
Diltiazem ER,60mg;90mg;120mg;180mg;240mg;300mg;360mg
Dimethyl Fumarate DR,120mg;240mg
DIOVAN,40mg;80mg;160mg;320mg
DIOVAN HCT,80mg-12.5mg;160mg-12.5mg;160mg-25mg;320mg-12.5mg;320mg-25mg
DIPENTUM,250mg
Diphtheria-Tetanus vaccine,;
DIPROLENE ointment,0.05%
Dipyridamole,25mg;50mg;75mg
Disopyramide,100mg;150mg
Disulfiram,250mg;500mg
DITROPAN XL,5mg;10mg;15mg
DIURIL,250mg/5mL
Divalproex Sodium,125mg
Divalproex Sodium ER,125mg;250mg;500mg
DIVIGEL,0.25mg;0.5mg;0.75mg;1mg;1.25mg
Dofetilide,125mcg;250mcg;500mcg
DOLISHALE,90mcg-20mcg
Donepezil,5mg;10mg;23mg
Donepezil ER,23mg
Donepezil ODT,5mg;10mg
DONNATAL elixir,;
DONNATAL tablet,;
DOPTELET,20mg
DORYX,50mg;80mg;200mg
DORYX MPC,120mg
Dorzolamide eye drops,2%
Dorzolamide-Timolol eye drops,2%-0.5%
DOTTI patch,0.025mg/day;0.0375mg/day;0.05mg/day;0.075mg/day;0.1mg/day
DOVATO,50mg-300mg
DOVONEX cream,0.005%
DOVONEX solution,0.005%
Doxazosin,1mg;2mg;4mg;8mg
Doxepin,10mg/mL;3mg;6mg;10mg;25mg;50mg;75mg;100mg;150mg
Doxepin cream,5%
Doxercalciferol,0.5mcg;1mcg;2.5mcg
Doxycycline Hyclate capsule,50mg;100mg
Doxycycline Hyclate DR,50mg;75mg;100mg;150mg;200mg
Doxycycline Hyclate tablet,20mg;75mg;100mg;50mg
Doxycycline Mono capsule,50mg;75mg;100mg;150mg
Doxycycline Mono tablet,50mg;75mg;100mg;150mg
Doxycycline powder,25mg/5mL
"Doxycycline, USP",40mg
Doxylamine-Pyridoxine,10mg-10mg
DRISDOL,1.25mg
DRIZALMA sprinkle,20mg;30mg;40mg;60mg
Drosperinone-Eth. Estradiol-Levomefolate Ca.-Levomefolate Ca,3mg-0.03mg-0.451mg-0.451mg
Drospirenone-Eth. Estradiol,3mg-0.02mg;3mg-0.03mg
DROXIA,200mg;300mg;400mg
Droxidopa,100mg;200mg;300mg
DUAKLIR Pressair,400mcg-12mcg
DUAVEE,20mg-45mg
DUET DHA,;
DUET DHA Balanced,;
DUETACT,30mg-2mg;30mg-4mg
DULERA,50mcg-5mcg;100mcg-5mcg;200mcg-5mcg
Duloxetine,20mg;30mg;40mg;60mg
DUOBRII,0.01%-0.045%
DUREZOL,0.05%
Dutasteride,0.5mg
Dutasteride-Tamsulosin,0.5mg-0.4mg
DUTOPROL,25mg-12.5mg;50mg-12.5mg;100mg-12.5mg;100mg-25mg
DYMISTA,137mcg-50mcg
DYRENIUM,50mg;100mg
E.E.S granules,200mg/5mL
E.E.S tablet,400mg
EC-NAPROSYN,375mg;500mg
EC-NAPROXEN,375mg;500mg
Econazole cream,1%
ECOZA,1%
ED-SPAZ,0.125mg
EDARBI,40mg;80mg
EDARBYCLOR,40mg-12.5mg;40mg-25mg
EDECRIN,25mg
EDEX,10mcg;20mcg;40mcg
EDURANT,25mg
Efavirenz,50mg;100mg;200mg;600mg
Efavirenz-Lamivudine-Tenofovir,400mg-300mg-30mg;600mg-200mg-30mg;600mg-300mg-30mg
EFFER-K,10mEq;20mEq;25mEq
EFFEXOR,50mg
EFFEXOR XR,37.5mg;75mg;150mg
EFFIENT,5mg;10mg
EFUDEX,5%
EGATEN,250mg
ELEMAR patch,5%
ELEPSIA XR,1000mg;1500mg
ELESTRIN,0.06%
Eletriptan,20mg;40mg
ELIDEL,1%
ELINEST,0.3mg-0.03mg
ELIQUIS,2.5mg;5mg
ELIQUIS starter pack,;
ELIXOPHYLLIN,80mg/15mL
ELLA,30mg
ELMIRON,100mg
ELURYNG,0.12mg-0.015mg
ELYXYB ,120mg/4.8mL
EMEND,40mg;80mg;125mg
EMEND tri-pack,;
EMFLAZA,22.75mg/mL;6mg;18mg;30mg;36mg
EMGALITY,100mg/mL;120mg/mL
EMOQUETTE,0.15mg-0.03mg
EMSAM,6mg/24h;9mg/24h;12mg/24h
Emtricitabine,200mg
Emtricitabine-Tenofovir,100mg-150mg;133mg-200mg;167mg-250mg;200mg-300mg
EMTRIVA,10mg/mL;200mg
EMVERM,100mg
Enalapril,1mg/mL;2.5mg;5mg;10mg;20mg
Enalapril-HCT,5mg-12.5mg;10mg-25mg
ENDARI,5g
ENDOMETRIN,100mg
ENGERIX-B vaccine,;
Enoxaparin,30mg/0.3mL;40mg/0.4mL;60mg/0.6mL;80mg/0.8mL;100mg/mL;120mg/0.8mL;150mg/mL;300mg/3mL
ENPRESSE,;
ENSKYCE,0.15mg/0.03mg
ENSTILAR,0.005%-0.064%
Entacapone,200mg
ENTADFI,5mg-5mg
Entecavir,0.5mg;1mg
ENTEREG,12mg
ENTRESTO,24mg-26mg;49mg-51mg;97mg-103mg
ENULOSE,10g/15mL
ENVARSUS XR,0.75mg;1mg;4mg
EPANED,1mg/mL
EPCLUSA packet,150mg-37.5mg;200mg-50mg
EPCLUSA tablet,200mg-50mg;400mg-100mg
EPIDIOLEX,100mg/mL
EPIDUO,0.1%-2.5%
EPIDUO Forte,0.3%-2.5%
EPIFOAM,1%-1%
Epinastine eye drops,0.05%
Epinephrine injection,0.15mg;0.3mg
EPIPEN,0.3mg
EPIPEN JR,0.15mg
EPITOL,200mg
EPIVIR,5mg/mL;10mg/mL;100mg;150mg;300mg
Eplerenone,25mg;50mg
EPRONTIA,25mg/mL
EPZICOM,600mg-300mg
EQUETRO,100mg;200mg;300mg
Ergocalciferol,1.25mg
Ergoloid Mesylates,1mg
ERGOMAR,2mg
Ergotamine-Caffeine,1mg-100mg
ERRIN,0.35mg
ERTACZO,2%
ERY pad,2%
ERY-Ped,200mg/5mL;400mg/5mL
ERY-TAB,250mg;333mg;500mg
ERYGEL,2%
Erythromycin,250mg;500mg
Erythromycin DR,250mg;333mg;500mg
Erythromycin eye ointment,0.5%
Erythromycin gel,2%
Erythromycin powder,200mg/5mL;400mg/5mL
Erythromycin solution,2%
Erythromycin-Benzoyl Peroxide,3%-5%
ESBRIET capsule,267mg
ESBRIET tablet,267mg;801mg
Escitalopram,5mg/5mL;5mg;10mg;20mg
ESGIC capsule,;
ESGIC tablet,;
Esomeprazole,20mg;40mg
ESTARYLLA,0.25mg-0.035mg
ESTRACE,0.5mg;1mg;2mg
ESTRACE cream,0.01%
Estradiol,0.5mg;1mg;2m
Estradiol and Progesterone,1mg-100mg
Estradiol cream,0.01%
Estradiol insert,10mcg
Estradiol patch,0.025mg/day;0.0375mg/day;0.05mg/day;0.075mg/day;0.1mg/day
Estradiol-Norethindrone,0.5mg-0.1mg;1mg-0.5mg
ESTRING,2mg
ESTROGEL,0.06%
Ethacrynic Acid,25mg
Ethambutol,100mg;400mg
Ethosuximide,250mg/5mL;250mg
Ethynodiol-Eth. Estradiol,1mg-50mcg
Etodolac,200mg;300mg;400mg;500mg
Etodolac ER,400mg;500mg;600mg
Etonogestrel-Eth. Estradiol,0.12mg-0.015mg/day
Etravirine,25mg;100mg;200mg
EUCRISA,2%
EULEXIN,125mg
EUTHYROX,25mcg;50mcg;75mcg;88mcg;100mcg;112mcg;125mcg;137mcg;150mcg;175mcg;200mcg
EVAMIST,1.53mg
EVISTA,60mg
EVOCLIN,1%
EVOTAZ,300mg-150mg
EVOXAC,30mg
EVRYSDI,0.75mg/mL
EXELDERM cream,1%
EXELDERM solution,1%
EXELON,4.6mg/24h;9.5mg/24h;13.3mg/24h
Exemestane,25mg
EXFORGE,160mg-5mg;160mg-10mg;320mg-5mg;320mg-10mg
EXFORGE HCT,160mg-5mg-12.5mg;160mg-5mg-25mg;160mg-10mg-12.5mg;160mg-10mg-25mg;320mg-10mg-25mg
EXJADE,125mg;250mg;500mg
EXSERVAN,50mg
EXTINA,2%
EYSUVIS,0.25%
EZALLOR sprinkle,5mg;10mg;20mg;40mg
Ezetimibe,10mg
Ezetimibe-Simvastatin,10mg-10mg;10mg-20mg;10mg-40mg;10mg-80mg
FABIOR,0.1%
FALMINA,0.1mg-0.02mg
Famciclovir,125mg;250mg;500mg
Famotidine,40mg/5mL;20mg;40mg
FANAPT,1mg;2mg;4mg;6mg;8mg;10mg;12mg
FARESTON,60mg
FARXIGA,5mg;10mg
FASENRA Pen,30mg/mL
FAYOSIM,;
Febuxostat,40mg;80mg
Felbamate,600mg/5mL;400mg;600mg
FELBATOL,600mg/5mL;400mg;600mg
FELDENE,10mg;20mg
Felodipine,2.5mg;5mg;10mg
Felodipine ER,2.5mg;5mg;10mg
FEM pH,;
FEMARA,2.5mg
FEMRING,0.05mg/day;0.1mg/day
FEMYNOR,0.25mg-0.035mg
Fenofibrate capsule,67mg;134mg;200mg
Fenofibrate tablet,40mg;48mg;54mg;120mg;145mg;160mg
Fenofibric Acid,35mg;105mg
Fenofibric Acid DR,45mg;135mg
FENOGLIDE,40mg;120mg
Fenoprofen,200mg;400mg;600mg
FERRALET 90,;
FERRIPROX,100mg/mL;500mg;1000mg
Fesoterodine,4mg;8mg
FETZIMA,20mg;40mg;80mg;120mg
FETZIMA titration pack,;
Fexinidazole,600mg
FEXMID,7.5mg
FIASP,100 units/mL
FIBRICOR,35mg;105mg
FINACEA foam,15%
FINACEA gel,15%
Finasteride,1mg;5mg
FINTEPLA,2.2mg/mL
FINZALA,1mg-20mcg
FIORICET,50mg-300mg-40mg
FIRDAPSE,10mg
FIRST-LANSOPRAZOLE,;
FIRST-MOUTHWASH,;
FIRST-OMEPRAZOLE,;
FIRVANQ,;
FLAC otic oil,0.01%
FLAGYL,375mg;500mg
FLAREX eye drops,0.1%
Flavoxate,100mg
Flecainide,50mg;100mg;150mg
FLECTOR,1.3%
FLEQSUVY,25mg/5mL
FLOLIPID,20mg/5mL;40mg/5mL
FLOMAX,0.4mg
FLORIVA,0.25mg;0.5mg;1mg
FLORIVA drops,0.25mg
FLOVENT Diskus,50mcg;100mcg;250mcg
FLOVENT HFA,44mcg;110mcg;220mcg
FLUAD vaccine,;
FLUARIX vaccne,;
FLUBLOK vaccine,;
FLUCELVAX vaccine,;
Fluconazole,10mg/mL;40mg/mL;50mg;100mg;150mg;200mg
Flucytosine,250mg;500mg
Fludorocortisone,0.1mg
FLULAVAL vaccine,;
FLUMIST vaccine,;
Flunisolide nasal spray,0.025%
Fluocinolone (body oil),0.01%
Fluocinolone (scalp oil),0.01%
Fluocinolone cream,0.01%;0.025%
Fluocinolone ear drops,0.01%
Fluocinolone ointment,0.025%
Fluocinolone solution,0.01%
Fluocinonide cream,0.05%;0.1%
Fluocinonide gel,0.05%
Fluocinonide ointment,0.05%
Fluocinonide solution,0.05%
Fluoride,0.25mg;0.5mg;1mg
Fluorometholone eye drops,0.1%
FLUOROPLEX,1%
Fluorouracil cream,0.5%;5%
Fluorouracil solution,2%;5%
FLUOVIX,0.1%
FLUOVIX Plus,0.1%
Fluoxetine capsule,10mg;20mg;40mg
Fluoxetine DR,90mg
Fluoxetine solution,20mg/5mL
Fluoxetine tablet,10mg;20mg;60mg
Fluphenazine,1mg;2.5mg;5mg;10mg
Fluphenazine (concentrate),5mg/mL
Fluphenazine elixir,0.5mg/mL
Flurandrenolide cream,0.05%
Flurandrenolide lotion,0.05%
Flurandrenolide ointment,0.05%
Flurbiprofen,100mg
Flurbiprofen eye drops,0.03%
Flutamide,125mg
Fluticasone cream,0.05%
Fluticasone HFA,44mcg;110mcg;220mcg
Fluticasone lotion,0.05%
Fluticasone nasal spray,50mcg
Fluticasone ointment,0.005%
Fluticasone-Salmeterol,55mcg-14mcg;113mcg-14mcg;232mcg-14mcg
Fluticasone-Salmeterol Diskus,100mcg-50mcg;250mcg-50mcg;500mcg-50mcg
Fluticasone-Vilanterol,100mcg-25mcg;200mcg;25mcg
Fluvastatin,20mg;40mg
Fluvastatin ER,80mg
Fluvoxamine,25mg;50mg;100mg
Fluvoxamine ER,100mg;150mg
FLUZONE High-Dose vaccine,;
FLUZONE vaccine,;
FML eye drops,0.1%
FML eye ointment,0.1%
FML Forte,0.25%
Folic Acid,1mg
Fondaparinux,2.5mg/0.5mL;5mg/0.4mL;7.5mg/0.6mL;10mg/0.8mL
FORFIVO XL,450mg
Formoterol,20mcg/2mL
FORTAMET,500mg;1000mg
FOSAMAX,70mg
FOSAMAX Plus D,70mg-2800IU;70mg-5600IU
Fosamprenavir,700mg
Fosfomycin granule,3g
Fosinopril,10mg;20mg;40mg
Fosinopril-HCT,10mg-12.5mg;20mg-12.5mg
FOSRENOL powder,750mg;1000mg
FOSRENOL tablet,500mg;750mg;1000mg
FRAGMIN,2500IU/0.2mL;5000IU/0.2mL;7500IU/0.3mL;10000IU/mL;12500IU/0.5mL;15000IU/0.6mL;18000IU/0.72mL;25000IU/mL
FROVA,2.5mg
Frovatriptan,2.5mg
FURADANTIN,25mg/5mL
Furosemide,10mg/mL;40mg/5mL;20mg;40mg;80mg
FYAVOLV,0.5mg-0.0025mg;1mg-0.005mg
FYCOMPA,0.5mg/mL;2mg;4mg;6mg;8mg;10mg;12mg
Gabapentin,250mg/5mL;100mg;300mg;400mg;600mg;800mg
GABITRIL,2mg;4mg;12mg;16mg
GALAFOLD,123mg
Galantamine,4mg/mL;4mg;8mg;12mg
Galantamine ER,8mg;16mg;24mg
GALZIN,25mg;50mg
GARDASIL 9 vaccine,;
GARDASIL vaccine,;
GASTROCROM,100mg/5mL
Gatifloxacin eye drops,0.5%
GAVILYTE-C,;
GAVILYTE-G,;
GAVILYTE-H-bisacodyl,;
GAVILYTE-N,;
GELNIQUE,10%
Gemfibrozil,600mg
GEMMILY,1mg-20mcg
GEMTESA,75mg
GENERESS Fe,0.8mg-25mcg
GENGRAF,100mg/mL;25mg;100mg
GENTAK,0.3%
Gentamicin cream,0.1%
Gentamicin eye drops,0.3%
Gentamicin ointment,0.1%
GENVOYA,150mg-150mg-200mg-10mg
GEODON,20mg;40mg;60mg;80mg
GIANVI,3mg-0.02mg
GILENYA,0.25mg;0.5mg
GIMOTI,15mg
Glimepiride,1mg;2mg;4mg
Glipizide,5mg;10mg
Glipizide ER,2.5mg;5mg;10mg
Glipizide-Metformin,2.5mg-250mg;2.5mg-500mg;5mg-500mg
GLOPERBA,0.6mg/5mL
Glucagon kit,;
GLUCOTROL XL,2.5mg;5mg;10mg
GLUMETZA,500mg;1000mg
Glyburide,1.25mg;1.5mg;2.5mg;3mg;5mg;6mg
Glyburide-Metformin,1.25mg-250mg;2.5mg-500mg;5mg-500mg
GLYCATE,1.5mg
Glycopyrrolate,1mg/5mL;1mg;1.5mg;2mg
GLYNASE,1.5mg;3mg;6mg
GLYXAMBI,10mg-5mg;25mg-5mg
GOCOVRI,68.5mg;137mg
GOLYTELY,;
GONITRO,400mcg
GRALISE,300mg;600mg
GRALISE starter kit,;
Granisetron,1mg
Griseofulvin,125mg/5mL;125mg;250mg;500mg
Griseofulvin (micro),500mg
Griseofulvin (ultramicrosize),125mg;250mg
Guanfacine,1mg;2mg
Guanfacine ER,1mg;2mg;3mg;4mg
GVOKE Hypopen,0.5mg/0.1mL;1mg/0.2mL
GVOKE kit,;
GYNAZOLE 1,2%
HAILEY 1.5/30,1.5mg-30mcg
HAILEY 24 Fe,1mg-20mcg
HAILEY Fe 1.5/30,1.5mg-30mcg
HAILEY Fe 1/20,1mg-20mcg
Halcinonide,0.1%
HALDOL Decanoate,;
Halobetasol cream,0.05%
Halobetasol foam,0.05%
Halobetasol ointment,0.05%
HALOG,0.1%
HALOG,0.1%
HALOG cream,0.1%
Haloperidol,2mg/mL;0.5mg;1mg;2mg;5mg;10mg;20mg
Haloperidol Decanoate,50mg/mL;100mg/mL
HARVONI,45mg-200mg;90mg-400mg
HARVONI packet,33.75mg-150mg;45mg-200mg
HAVRIX vaccine,;
HEATHER,0.35mg
HEMADY,20mg
HEMANGEOL,4.28mg/mL
HEMMOREX-HC,25mg;30mg
HEPLISAV-B vaccine,;
HEPSERA,10mg
HETLIOZ,4mg/mL;20mg
HIBERIX vaccine,;
HIPREX,1g
Homatropine eye drops,5%
HORIZANT,300mg;600mg
HUMALOG Junior Kwikpen,100 units/mL
HUMALOG Kwikpen,100 units/mL;200 units/mL
HUMALOG vial,100 units/mL
HUMATIN,250mg
HUMULIN 70/30 Kwikpen,100 units/mL
HUMULIN 70/30 vial,100 units/mL
HUMULIN N,100 units/mL
HUMULIN R,100 units/mL
Hydralazine,10mg;25mg;50mg;100mg
HYDREA,500mg
HYDRO-Q,4%
Hydrochlorothiazide capsule,12.5mg
Hydrochlorothiazide tablet,12.5mg;25mg;50mg
Hydrocortisone,5mg;10mg;20mg
Hydrocortisone Butyrate cream,0.1%
Hydrocortisone Butyrate lotion,0.1%
Hydrocortisone Butyrate ointment,0.1%
Hydrocortisone Butyrate solution,0.1%
Hydrocortisone cream,1%;2.5%
Hydrocortisone enema,100mg/60mL
Hydrocortisone lotion,2.5%
Hydrocortisone ointment,1%-2.5%
Hydrocortisone suppository,25mg;30mg
Hydrocortisone Valerate cream,0.2%
Hydrocortisone Valerate ointment,0.2%
Hydrocortisone-Acetic Acid ear drops,;
Hydrocortisone-Iodoquinol,1%-1%
Hydrocortisone-Pramoxine cream,1%-1%;2.5%-1%
Hydrocortisone-Pramoxine suppository,25mg-18mg
Hydroquinone,4%
Hydroxychloroquine,200mg
Hydroxyurea,500mg
Hydroxyzine HCl,10mg/5mL;10mg;25mg;50mg
Hydroxyzine Pamoate,25mg;50mg;100mg
HYFTOR,0.2%
Hyoscyamine,0.125mg/mL;0.125mg
Hyoscyamine elixir,0.125mg/5mL
Hyoscyamine ER,0.375mg
Hyoscyamine ODT,0.125mg
Hyoscyamine SL,0.125mg
HYOSYNE,0.125mg/mL;0.125mg/5mL
HYZAAR,50mg-12.5mg;100mg-12.5mg;100mg-25mg
Ibandronate,150mg
IBSRELA,50mg
Ibuprofen,100mg/5mL;400mg;600mg;800mg
Ibuprofen-Famotidine,800mg-26.6mg
Ibuprofen-Pseudoephedrine,200mg-30mg
ICLEVIA,0.15mg-0.03mg
Icosapent Ethyl,1g
IGALMI,120mcg;180mcg
ILEVRO,0.3%
Iloperidone,1mg;2mg;4mg;6mg;8mg;10mg;12mg
Iloperidone titration pack,;
Imatinib,100mg;400mg
Imipramine HCl,10mg;25mg;50mg
Imipramine Pamoate,75mg;100mg;125mg;150mg
Imiquimod,3.75%;5%
IMITREX,25mg;50mg;100mg
IMITREX injection,4mg;6mg
IMITREX nasal spray,5mg;20mg
IMPAVIDO,50mg
IMPEKLO,0.15mg
IMPOYZ,0.0%
IMURAN,50mg
IMVEXXY,4mcg;10mcg
INBRIJA,42mg
INCASSIA,0.35mg
INCRELEX,40mg/4mL
INCRUSE Ellipta,62.5mcg
Indapamide,1.25mg;2.5mg
INDERAL XL,60mg;80mg;120mg;160mg
INDOCIN suppository,50mg
INDOCIN suspension,25mg/5mL
Indomethacin,25mg;50mg
Indomethacin ER,75mg
INFANRIX vaccine,;
INGREZZA,40mg;60mg;80mg
INGREZZA starter kit,;
INNOPRAN XL,80mg;120mg
INREBIC,100mg
INSPRA,25mg;50mg
Insulin Aspart Protamine-Insulin Aspart 70/30,100 units/mL
Insulin Degludec,100 units/mL;200 units/mL
Insulin Glargine Solostar,100 units/mL
Insulin Glargine vial,100 units/mL
Insulin Lispro pen,100 units/mL
Insulin Lispro Protamine-Insulin Lispro 70/30,100 units/mL
Insulin Lispro vial,100 units/mL
INTELENCE,25mg;100mg;200mg
INTRAROSA,6.5mg
INTROVALE,0.35mg-0.03mg
INTUNIV,1mg;2mg;3mg;4mg
INVEGA,1.5mg;3mg;6mg;9mg
INVEGA HAFYERA,1092mg;1560mg
INVEGA SUSTENNA,39mg;78mg;117mg;156mg;234mg
INVEGA TRINZA,273mg;410mg;546mg;819mg
INVELTYS,1%
INVIRASE,500mg
INVOKAMET,50mg-500mg;50mg-1000mg;150mg-500mg;150mg-1000mg
INVOKAMET XR,50mg-500mg;50mg-1000mg;150mg-500mg;150mg-1000mg
INVOKANA,100mg;300mg
IOPIDINE,0.5%;1%
IPOL vaccine,;
Ipratropium inh solution,0.5mg/2.5mL
Ipratropium nasal spray,0.03%;0.06%
Ipratropium-Albuterol,0.5mg-2.5mg/3mL;0.5mg-3mg/3mL
Irbesartan,75mg;150mg;300mg
Irbesartan-HCT,150mg-12.5mg;300mg-12.5mg;300mg-25mg
IROSPAN 24/6,;
ISENTRESS,400mg;600mg
ISENTRESS chewable,25mg;100mg
ISENTRESS granules,100mg
Isibloom,0.15mg-0.03mg
Isoniazid,50mg/5mL;100mg;300mg
ISOPTO Atropine,1%
ISOPTO Carpine,1%;2%
ISORDIL,5mg;40mg
Isosorbide Dinitrate,5mg;10mg;20mg;30mg;40mg
Isosorbide Mono,10mg;20mg
Isosorbide Mono ER,30mg;60mg;120mg
Isosorbide-Hydralazine,20mg-37.5mg
Isotretinoin,10mg;20mg;25mg;30mg;35mg;40mg
Isoxsuprine,10mg
Isradipine,2.5mg;5mg
Istalol eye drops,0.5%
ISTURISA,1mg;5mg;10mg
Itraconazole,10mg/mL;100mg
Ivermectin,3mg
Ivermectin cream,1%
Ivermectin lotion,0.5%
JADENU,90mg;180mg;360mg
JADENU Sprinkle,90mg;180mg;360mg
JAIMIESS,0.15mg-0.03mg-0.01mg
JALYN,0.5mg-0.4mg
Janssen COVID-19 vaccine,;
JANTOVEN,1mg;2mg;2.5mg;3mg;4mg;5mg;6mg;7.5mg;10mg
JANUMET,50mg-500mg;50mg-1000mg
JANUMET XR,50mg-500mg;50mg-1000mg;100mg-1000mg
JANUVIA,25mg;50mg;100mg
JARDIANCE,10mg;25mg
JASMIEL,3mg-0.02mg
JENCYCLA,0.35mg
JENTADUETO,2.5mg-500mg;2.5mg-850mg;2.5mg-1000mg
JENTADUETO XR,2.5mg-1000mg;5mg-1000mg
JINTELI,1mg-5mcg
JOLESSA,0.15mg-0.03mg
JUBLIA,10%
JULEBER,0.15mg-0.03mg
JULUCA,50mg-25mg
JUNEL 1.5/30,1.5mg-30mcg
JUNEL 1/20,1mg-20mcg
JUNEL Fe 1.5/30,1.5mg-30mcg
JUNEL Fe 1/20,1mg-20mcg
JUXTAPID,5mg;10mg;20mg;30mg;40mg;60mg
JYNARQUE,15mg;30mg
JYNNEOS vaccine,;
K-PHOS Neutral,;
K-PHOS No. 2,;
K-PHOS Original,;
K-TAB,10mEq (750mg);20mEq (1500mg)
KAITLIB Fe,0.8mg-0.025mg
KALETRA,80mg-20mg/mL;100mg-25mg;200mg-50mg
KALLIGA,0.15mg-0.03mg
KALYDECO,150mg
KALYDECO packet,25mg;50mg;75mg
KAPSPARGO,25mg;50mg;100mg;200mg
KAPVAY,0.1mg
KARBINAL ER,4mg/5mL
KARIVA,0.15mg-0.02mg-0.01mg
KATERZIA,1mg/mL
KAZANO,12.5mg-500mg;12.5mg-1000mg
KELNOR 1/35,1mg-35mcg
KELNOR 1/50,1mg-50mcg
KENALOG spray,0.147mg/g
KEPPRA,100mg/mL;250mg;500mg;750mg;1000mg
KEPPRA XR,500mg;750mg
KERENDIA,10mg;20mg
KERYDIN,5%
Ketoconazole,200mg
Ketoconazole cream,2%
Ketoconazole foam,2%
Ketoconazole shampoo,2%
KETODAN foam,2%
KETODAN kit,;
Ketoprofen,25mg;50mg;75mg
Ketoprofen ER,200mg
Ketorolac,10mg
Ketorolac eye drops,0.4%;0.5%
Ketorolac nasal spray,15.75mg
KEVEYIS,50mg
KINRIX vaccine,;
KITABIS Pak,;
KLARON,10%
KLISYRI,1%
KLONOPIN,0.5mg;1mg;2mg
KLOR-CON,8mEq (600mg);10mEq (750mg)
KLOR-CON M,10mEq (750mg);15mEq (1125mg)
KLOR-CON M20,20mEq (1500mg)
KLOR-CON packet,20mEq (1.5g)
KLOR-CON Sprinkle,8mEq (600mg);10mEq (750mg)
KLOR-CON/EF,25mEq (978 mg)
KLOXXADO,8mg
KOMBIGLYZE,2.5mg-1000mg;5mg-500mg;5mg-1000mg
KORLYM,300mg
KOSELUGO,10mg;25mg
KRINTAFEL,150mg
KURVELO,0.15mg-30mcg
KUVAN,100mg
KUVAN packet,100mg;500mg
KYNMOBI,10mg;15mg;20mg;25mg;30mg
KYNMOBI titration pack,;
Labetalol,100mg;200mg;300mg
LACRISERT,5mg
Lactated Ringers solution,;
Lactulose,10g/15mL
LAGEVRIO,200mg
LAMICTAL,25mg;100mg;150mg;200mg
LAMICTAL ODT,25mg;50mg;100mg;200mg
LAMICTAL starter kit (blue),;
LAMICTAL starter kit (green),;
LAMICTAL starter kit (orange),;
LAMICTAL tablet for suspension,2mg;5mg;25mg
LAMICTAL XR,25mg;50mg;100mg;200mg;250mg;300mg
Lamivudine,10mg/mL;100mg;150mg;300mg
Lamivudine-Zidovudine,150mg-300mg
Lamotrigine,25mg;100mg;150mg;200mg
Lamotrigine chewable,5mg;25mg
Lamotrigine ER,25mg;50mg;100mg;200mg;250mg;300mg
Lamotrigine ODT,25mg;50mg;100mg;200mg
Lamotrigine titration kit (blue),;
Lamotrigine titration kit (green),;
Lamotrigine titration kit (orange),;
LAMPIT,30mg;120mg
LANOXIN,62.5mcg;125mcg;250mcg
Lansoprazole,15mg;30mg
Lansoprazole ODT,15mg;30mg
"Lansoprazole, Amoxicillin, Clarithromycin",;
Lanthanum,500mg;750mg;1000mg
LANTUS Solostar,100 units/mL
LANTUS vial,100 units/mL
LARIN 1.5/30,1.5mg-0.03mg
LARIN 1/20,1mg-0.02mg
LARIN 24 Fe,1mg-0.02mg
LARIN Fe 1.5/30,1.5mg-0.03mg
LARIN Fe 1/20,1mg-0.02mg
LARISSIA,0.1mg-0.02mg
LASIX,20mg;40mg;80mg
LASTACAFT,0.25%
Latanoprost,0.005%
LATISSE,0.03%
LATUDA,20mg;40mg;60mg;80mg;120mg
LAYOLIS Fe,0.8mg-25mcg
Ledipasvir-Sofosbuvir,90mg-400mg
LEENA,;
Leflunomide,10mg;20mg
LEQVIO,284mg/1.5mL
LESCOL,80mg
LESSINA,0.1mg-0.02mg
LETAIRIS,5mg;10mg
Letrozole,2.5mg
Levalbuterol HFA,45mcg
Levalbuterol inh solution,0.31mg/3mL;0.63mg/3mL;1.25mg/3mL
Levamlodipine,2.5mg;5mg
LEVBID,0.375mg
LEVEMIR Flextouch,100 units/mL
LEVEMIR vial,100 units/mL
Levetiracetam,100mg/mL;250mg;500mg;750mg;1000mg
Levetiracetam ER,500mg;750mg;1000mg
LEVO-T,25mcg;50mcg;75mcg;88mcg;100mcg;112mcg;125mcg;137mcg;150mcg;175mcg;200mcg;300mcg
Levobunolol eye drops,0.5%
Levocarnitine,1g/10mL;330mg
Levocetirizine,2.5mg/5mL;5mg
Levofloxacin,25mg/mL;250mg;500mg;750mg
Levofloxacin eye drops,0.5%
LEVONEST,;
Levonorgestrel,1.5mg
Levonorgestrel-Eth. Estradiol-Eth. Estradiol,0.15mg-0.03mg-0.01mg
Levonorgestrel-Ethinyl Estradiol,90mcg-20mcg;0.1mg-0.02mg;0.15mg-0.03mg
LEVORA,1.5mg-0.03mg
Levorphanol,2mg;3mg
Levothyroxine capsule,25mcg;50mcg;75mcg;88mcg;100mcg;112mcg;125mcg;137mcg;150mcg;175mcg;200mcg
Levothyroxine tablet,25mcg;50mcg;75mcg;88mcg;100mcg;112mcg;125mcg;137mcg;150mcg;175mcg;200mcg;300mcg
LEVOXYL,25mcg;50mcg;75mcg;88mcg;100mcg;112mcg;125mcg;137mcg;150mcg;175mcg;200mcg
LEVSIN,0.125mg
LEVSIN ODT,0.125mg
LEXAPRO,5mg;10mg;20mg
LEXETTE,0.05%
LEXIVA,50mg/mL;700mg
LIALDA,1.2g
LIBRAX,5mg-2.5mg
LICART,1.3%
Lidocaine jelly,2%
Lidocaine ointment,5%
Lidocaine patch,5%
Lidocaine viscous solution,2%
Lidocaine-Hydrocortisone gel,3%-2.5%
Lidocaine-Hydrocortisone rectal cream,3%-0.5%
Lidocaine-Prilocaine,2.5%-2.5%
Lidocaine-Tetracaine,7%-7%
LIDOCORT,3%-0.5%
LIDOGEL,2.8%
LILLOW,0.15mg-0.03mg
Lindane shampoo,1%
Linezolid,100mg/5mL;600mg
LINZESS,72mcg;145mcg;290mcg
Liothyronine,5mcg;25mcg;50mcg
LIPITOR,10mg;20mg;40mg;80mg
LIPOFEN,50mg;150mg
Lisinopril,2.5mg;5mg;10mg;20mg;30mg;40mg
Lisinopril-HCT,10mg-12.5mg;20mg-12.5mg;20mg-25mg
Lithium capsule,150mg;300mg;600mg
Lithium ER,300mg;450mg
Lithium solution,8mEq/5mL
Lithium tablet,300mg
LITHOBID,300mg
LITHOSTAT,250mg
LIVALO,1mg;2mg;4mg
LIVMARLI,9.5mg/mL
LIVTENCITY,200mg
LO LOESTRIN Fe,;
LO SIMPESSE,0.1mg-0.02mg-0.01mg
LO-ZUMANDIMINE,3mg-0.02mg
LOCOID,0.1%
LOCOID Lipocream,0.1%
LODOSYN,25mg
LOESTRIN 24 Fe,1mg-20mcg
LOESTRIN Fe 1.5/30,1.5mg-30mcg
LOESTRIN Fe 1/20,1mg-20mcg
LOFENA,25mg
LOJAIMIESS,0.1mg-0.02mg-0.01mg
LOKELMA,5g;10g
LONHALA Magnair,25mcg/mL
Loperamide,2mg
LOPID,600mg
Lopinavir-Ritonavir,80mg-20mg/mL;100mg-25mg;200mg-50mg
LOPREEZA,0.5mg-0.1mg;1mg-0.5mg
LOPRESSOR,50mg;100mg
LOPROX cream,0.77%
LOPROX shampoo,1%
LOPROX suspension,0.77%
LORYNA,3mg-0.02mg
LORZONE,375mg;750mg
Losartan,25mg;50mg;100mg
Losartan-HCT,50mg-12.5mg;100mg-12.5mg;100mg-25mg
LOSEASONIQUE,0.1mg-20mcg-10mcg
LOTEMAX drops,0.5%
LOTEMAX gel,0.5%
LOTEMAX ointment,0.5%
LOTEMAX SM,0.38%
LOTENSIN,10mg;20mg;40mg
LOTENSIN HCT,10mg-12.5mg;20mg-12.5mg;20mg-25mg
Loteprednol eye drops,0.5%
Loteprednol eye gel,0.5%
LOTREL,5mg-10mg;5mg-20mg;10mg-20mg;10mg-40mg
LOTRONEX,0.5mg;1mg
Lovastatin,10mg;20mg;40mg
LOVAZA,1g
LOVENOX,30mg/0.3mL;40mg/0.4mL;60mg/0.6mL;80mg/0.8mL;100mg/mL;120mg/0.8mL;150mg/mL
LOW-OGESTREL,0.3mg-0.03mg
Loxapine,5mg;10mg;25mg;50mg
Lubiprostone,8mcg;24mcg
LUCEMYRA,0.18mg
Luluconazole cream,1%
LUMIGAN,0.01%
LUNESTA,1mg;2mg;3mg
LUPKYNIS,7.9mg
Lurasidone,20mg;40mg;80mg;120mg
LUTERA,0.1mg-0.02mg
LUXIQ,0.12%
LUZU,1%
LYBALVI,5mg-10mg;10mg-10mg;15mg-10mg;20mg-10mg
LYDEXA,4.12%
LYLEQ,0.35mg
LYLLANA,0.025mg/day;0.0375mg/day;0.05mg/day;0.075mg/day;0.1mg/day
LYMEPAK,100mg
LYSTEDA,650mg
LYUMJEV Kwikpen,100 units/mL;200 units/mL
LYVISPAH,5mg;10mg;20mg
LYZA,0.35mg
M-M-R II vaccine,;
MACROBID,100mg
MACRODANTIN,25mg;50mg;100mg
MALARONE,62.5mg-25mg;250mg-100mg
Malathion lotion,0.5%
Maraviroc,150mg;300mg
MARINOL,2.5mg;5mg;10mg
MARLISSA,0.15mg-0.03mg
MARPLAN,10mg
Matzim LA,180mg;240mg;300mg;360mg;420mg
MAVYRET,100mg-40mg
MAVYRET packet,50mg-20mg
MAXALT,10mg
MAXALT-MLT,10mg
MAXIDEX,0.1%
MAXITROL,;
MAXZIDE,75mg-50mg
MAXZIDE-25,37.5mg-25mg
ME-NAPHOS-MB-HYO 1,;
Meclizine,12.5mg;25mg;50mg
Meclizine chewable,25mg
Meclofenamate,50mg;100mg
MEDROL,2mg;4mg;8mg;16mg;32mg
Medroxyprogesterone,2.5mg;5mg;10mg
Medroxyprogesterone inj,150mg/mL
Mefenamic Acid,250mg
Mefloquine,250mg
Megestrol,40mg/mL;125mg/mL;15mg;20mg;40mg
MELODETTA 24 Fe,1mg-20mcg
Meloxicam,7.5mg/5mL;5mg;10mg
Memantine,2mg/mL;5mg;10mg
Memantine ER,7mg;14mg;21mg;28mg
Memantine titration kit,;
Memantine-Donepezil,7mg-10mg;14mg-10mg;21mg-10mg;28mg-10mg
MENACTRA vaccine,;
MENEST,0.3mg;0.625mg;1.25mg;2.5mg
MENOSTAR,14mcg/day
MENQUADFI vaccine,;
MENTAX,1%
MENVEO vaccine,;
MEPHYTON,5mg
MEPRON,750mg/5mL
Mercaptopurine,50mg
MERZEE,1mg-20mcg
Mesalamine capsule,0.375mg;400mg;500mg
Mesalamine enema,4g/60mL
Mesalamine suppository,1000mg
Mesalamine tablet,800mg;1.2g
Mestinon,60mg/5mL;60mg
Mestinon Timespan,180mg
Metaxalone,400mg;800mg
Metformin,500mg/5mL;500mg;850mg;1000mg
Metformin ER (generic Fortamet),500mg;1000mg
Metformin ER (generic Glucophage),500mg;750mg
Metformin ER (generic Glumetza),500mg;1000mg
Methazolamide,25mg;50mg
Methenamine Hippurate,1g
METHERGINE,0.2mg
Methimazole,5mg;10mg
Methocarbamol,500mg;750mg
Methotrexate,2.5mg
Methotrexate injection,50mg/2mL
Methoxsalen,10mg
Methscopolamine,2.5mg;5mg
Methyldopa,250mg;500mg
Methylergonovine,0.2mg
Methylprednisolone,4mg;8mg;16mg;32mg
Metoclopramide,5mg/5mL;5mg;10mg
Metoclopramide ODT,5mg;10mg
Metolazone,2.5mg;5mg;10mg
METOPIRONE,250mg
Metoprolol Succinate capsule,25mg;50mg;100mg;200mg
Metoprolol Succinate tablet,25mg;50mg;100mg;200mg
Metoprolol Tartrate,25mg;37.5mg;50mg;75mg;100mg
Metoprolol Tartrate-HCT,50mg-25mg;100mg-25mg;100mg-50mg
METROCREAM,0.75%
METROGEL,1%
METROLOTION,0.75%
Metronidazole,250mg;375mg;500mg
Metronidazole cream,0.75%
Metronidazole ER,750mg
Metronidazole gel,0.75%;1%
Metronidazole lotion,0.75%
Metronidazole vaginal gel,0.75%
Metyrosine,250mg
Mexiletine,150mg;200mg;250mg
MICARDIS,20mg;40mg;80mg
MICARDIS HCT,40mg-12.5mg;80mg-12.5mg;80mg-25mg
Miconazole suppository,200mg
MICROGESTIN 1.5/30,1.5mg-30mcg
MICROGESTIN 1/20,1mg-20mcg
MICROGESTIN Fe 1/20,1mg-20mcg
Midodrine,2.5mg;5mg;10mg
Mifepristone,200mg
MIGERGOT,2mg-100mg
Miglitol,25mg;50mg;100mg
Miglustat,100mg
MIGRANAL,4mg/mL
MIGROGESTIN 24 Fe,1mg-20mcg
MIGROGESTIN Fe 1.5/30,1.5mg-30mcg
MILI,0.25mg-0.035mg
MILLIPRED,5mg
MIMVEY,1mg-0.5mg
MIMVEY Lo,0.5mg-0.1mg
MINASTRIN 24 Fe,1mg-20mcg
MINIPRESS,1mg;2mg;5mg
MINIVELLE,0.025mg/day;0.0375mg/day;0.05mg/day;0.075mg/day;0.1mg/day
MINOCIN,100mg
Minocycline capsule,50mg;75mg;100mg
Minocycline ER capsule,45mg;90mg;135mg
Minocycline ER tablet,45mg;55mg;65mg;80mg;90mg;105mg;115mg;135mg
Minocycline tablet,50mg;75mg;100mg
MINOLIRA,105mg;135mg
Minoxidil,2.5mg;10mg
MIOCHOL-E,;
MIOSTAT,0.01%
MIRAPEX,0.125mg;0.25mg;0.5mg;0.75mg;1mg;1.5mg
MIRAPEX ER,0.375mg;0.75mg;1.5mg;2.25mg;3mg;3.75mg;4.5mg
MIRCETTE,0.15mg-0.02mg-0.01mg
Mirtazapine,7.5mg;15mg;30mg;45mg
Mirtazapine ODT,15mg;30mg;45mg
MIRVASO gel,0.33%
MIRVASO gel pump,0.33%
Misoprostol,100mcg;200mcg
MITIGARE,0.6mg
MOBIC,7.5mg;15mg
Moderna COVID-19 (bivalent) vaccine,;
Moderna COVID-19 vaccine,;
Moexipril,7.5mg;15mg
Molindone,5mg;10mg;25mg
Mometasone cream,0.1%
Mometasone nasal spray,50mcg
Mometasone ointment,0.1%
Mometasone solution,0.1%
MONO-LINYAH,0.25mg-0.035mg
MONONESSA,0.25mg-0.035mg
Montelukast,10mg
Montelukast chewable,4mg;5mg
Montelukast packet,4mg
MONUROL,3g
MOTEGRITY,1mg;2mg
MOUNJARO,2.5mg;5mg;7.5mg;10mg;12.5mg;15mg
MOVANTIK,12.5mg;25mg
MOVIPREP,;
MOXEZA,0.5%
Moxifloxacin,400mg
Moxifloxacin eye drops,0.5%
MULPLETA,3mg
MULTAQ,400mg
Multivitamin with Fluoride chewable,0.25mg;0.5mg;1mg
Multivitamin with Fluoride drops,0.25mg/mL;0.5mg/mL
"Multivitamin with Fluoride, Iron drops",;
Mupirocin cream,2%
Mupirocin ointment,2%
MUSE,250mcg;500mcg;1000mcg
MYAMBUTOL,400mg
MYCOBUTIN,150mg
Mycophenolate,200mg/mL;250mg;500mg
Mycophenolate ER,180mg;360mg
MYDRIACYL,1%
MYFEMBREE,40mg-1mg-0.5mg
MYFORTIC,180mg;360mg
MYORISAN,10mg;20mg;30mg;40mg
MYRBETRIQ,8mg/mL;25mg;50mg
MYSOLINE,50mg;250mg
MYTESI,125mg
Nabumetone,500mg;750mg;1000mg
Nadolol,20mg;40mg;80mg
Naftifine cream,1%;2%
Naftifine gel,1%;2%
NAFTIN,1%;2%
NALFON,200mg;400mg;600mg
Naloxone injection,0.4mg/mL;1mg/mL
Naloxone nasal spray,4mg
Naltrexone,50mg
NAMENDA,5mg;10mg
NAMENDA XR,7mg;14mg;21mg;28mg
NAMZARIC,7mg-10mg;14mg-10mg;21mg-10mg;28mg-10mg
NAMZARIC titration pack,;
NAPRELAN,375mg;500mg;750mg
NAPROSYN,125mg/5mL;500mg
Naproxen,125mg/5mL;250mg;275mg;375mg;500mg;550mg
Naproxen DR,375mg;500mg
Naproxen-Esomeprazole,375mg-20mg;500mg-20mg
Naratriptan,1mg;2.5mg
NARCAN,2mg/0.1mL;4mg/0.1mL
NARDIL,15mg
NATACYN,5%
NATAZIA,;
Nateglinide,60mg;120mg
NATROBA,0.9%
Nebivolol,2.5mg;5mg;10mg;20mg
NECON,0.5mg-35mcg
NECON 0.5/35,0.5mg-35mcg
NECON 1/35,1mg-35mcg
NECON 7/7/7,;
Nefazodone,50mg;100mg;150mg;200mg;250mg
NEO-POLYCIN,;
NEO-POLYCIN HC,;
NEO-SYNALAR,0.35%;0.025%
NEO-SYNALAR cream kit,;
Neomycin,500mg
Neomycin-Polymyxin B-Bacitracin eye oint,;
Neomycin-Polymyxin B-Bacitracin-Hydrocort. eye oint,;
Neomycin-Polymyxin B-Dexamethasone eye drops,;
Neomycin-Polymyxin B-Dexamethasone eye oint,;
Neomycin-Polymyxin B-Gramicidin eye drops,;
Neomycin-Polymyxin B-Hydrocort. ear sol,;
Neomycin-Polymyxin B-Hydrocort. ear susp,;
NEONATAL 19,;
NEONATAL Complete,;
NEONATAL DHA,;
NEONATAL FE,;
NEORAL,100mg/mL;25mg;100mg
NEPHRON FA,;
NESINA,6.25mg;12.5mg;25mg
NESTABS,;
NESTABS DHA,;
NESTABS One,;
NEUAC,1.2%-5%
NEUAC Kit,1.2%-5%
NEULASTA,;
NEUPRO,1mg/24h;2mg/24h;3mg/24h;4mg/24h;6mg/24h;8mg/24h
NEURONTIN,250mg/5mL;100mg;300mg;400mg;600mg;800mg
NEVANAC,0.1%
Nevirapine,50mg/5mL;200mg
Nevirapine ER ,100mg;400mg
NEXICLON XR,0.17mg
NEXIUM,20mg;40mg
NEXIUM packet,2.5mg;5mg;10mg;20mg;40mg
NEXLETOL,180mg
NEXLIZET,180mg-10mg
NEXTSTELLIS,3mg-14.2mg
Niacin,500mg;1000mg
Niacin ER,500mg;750mg;1000mg
NIACOR,500mg
NIASPAN,1000mg
Nicardipine,20mg;30mg
NICOTROL Inhaler,;
NICOTROL NS,;
Nifedipine ,10mg;20mg
Nifedipine ER,30mg;60mg;90mg
NIFEREX,;
NIKKI,3mg-0.02mg
Nimodipine,30mg
Nisoldipine ER,8.5mg;17mg;20mg;25.5mg;30mg;34mg;40mg
Nitazoxanide,500mg
Nitisinone,2mg;5mg;10mg
NITRO-BID,2%
NITRO-DUR,0.1mg/hr;0.2mg/hr;0.4mg/hr;0.6mg/hr;0.8mg/hr
NITRO-TIME,2.5mg;6.5mg;9mg
Nitrofurantoin,25mg/5mL;25mg;50mg;100mg
Nitrofurantoin (macro),50mg;100mg
Nitroglycerin,2%
Nitroglycerin patch,0.1mg/hr;0.2mg/hr;0.4mg/hr;0.6mg/hr
Nitroglycerin SL,0.3mg;0.4mg;0.6mg
Nitroglycerin spray,400mcg/spray
NITROMIST,400mcg/spray
NITROSTAT,0.3mg;0.4mg;0.6mg
NITYR,2mg;5mg;10mg
NIVESTYM,300mcg/0.5mL;480mcg/0.8mL
Nizatidine,15mg/mL;150mg;300mg
NOCDURNA,27.7mcg;55.3mcg
NORA BE,0.35mg
Norelgestromin-Eth. Estradiol system,150mcg-35mcg
Norethindrone pack,0.35mg
Norethindrone tablet,5mg
Norethindrone-Eth. Estradiol,0.5mg-2.5mcg;1mg-5mcg;1mg-20mcg;1.5mg-30mcg
Norethindrone-Eth. Estradiol Fe,;
NORGESIC,25mg-385mg-30mg
NORGESIc Forte,50mg-770mg-60mg
Norgestimate-Eth. Estradiol,0.25mg-0.035mg;0.18mg-0.215mg-0.25mg-0.025mg;0.18mg-0.215mg-0.25mg-0.035mg
NORITATE,1%
NORLIQVA,1mg/mL
NORLYDA,0.35mg
NORPACE,100mg;150mg
NORPACE CR,100mg;150mg
NORPRAMIN,10mg;25mg;50mg;75mg;100mg;150mg
NORTHERA,100mg;200mg;300mg
NORTREL,0.5mg-35mcg;1mg-35mcg
NORTREL 7/7/7,;
Nortriptyline,10mg/5mL;10mg;25mg;50mg;75mg
NORVASC,2.5mg;5mg;10mg
NORVIR,80mg/mL;100mg
NORVIR packet,100mg
NOURIANZ,20mg;40mg
NOVAVAX COVID-19 vaccine,;
NOVOLOG 70/30 Flexpen,100 units/mL
NOVOLOG 70/30 vial,100 units/mL
NOVOLOG Flexpen,100 units/mL
NOVOLOG vial,100 units/mL
NOXAFIL,40mg/mL;100mg
NP THYROID 120,;
NP THYROID 15,;
NP THYROID 30,;
NP THYROID 60,;
NP THYROID 90,;
NUCYNTA,50mg;75mg;100mg;150mg;200mg;250mg
NUEDEXTA,20mg-10mg
NULEV,0.125mg
NULYTELY,;
NURTEC ODT,75mg
NUVARING,;
NUVESSA,1.3%
NUZYRA,150mg
NYAMYC,;
NYLIA 1/35,1mg-0.035mg
NYLIA 7/7/7,;
NYMALIZE,30mg/5mL;60mg/10mL
NYMYO,0.25mg-0.035mg
Nystatin cream,;
Nystatin ointment,;
Nystatin powder,;
Nystatin suspension,;
Nystatin tablet,"500,000 units"
Nystatin-Triamcinolone cream,;
Nystatin-Triamcinolone ointment,;
NYSTOP powder,;
OCALIVA,5mg;10mg
OCELLA,3mg-0.03mg
OCUFLOX,0.3%
ODEFSEY,200mg-25mg-25mg
OFEV,100mg;150mg
Ofloxacin,200mg;300mg;400mg
Ofloxacin ear drops,0.3%
Ofloxacin eye drops,0.3%
Olanzapine,2.5mg;5mg;7.5mg;10mg;15mg;20mg
Olanzapine ODT,5mg;10mg;15mg;20mg
Olanzapine-Fluoxetine,3mg-25mg;6mg-25mg;6mg-50mg;12mg-25mg;12mg-50mg
Olmesaratan-HCT,20mg-12.5mg;40mg-12.5mg;40mg-25mg
Olmesartan,5mg;20mg;40mg
Olmesartan-Amlodipine-HCT,20mg-5mg-12.5mg;40mg-5mg-12.5mg;40mg-5mg-25mg;40mg-10mg-12.5mg;40mg-10mg-25mg
Olopatadine eye drops,0.1%;0.2%;0.7%
Olopatadine nasal spray,665mcg
OLUMIANT,1mg;2mg;4mg
OLUX,0.05%
OLUX-E,0.05%
OMECLAMOX-Pak,;
Omega-3-acid Ethyl Ester,1g
Omeprazole,10mg;20mg;40mg
Omeprazole-Sodium Bicarb,20mg-1100mg;40mg-1100mg
Omeprazole-Sodium Bicarb packet,20mg-1680mg;40mg-1680mg
OMNARIS,50mcg
Ondansetron,4mg/5mL;4mg;8mg
Ondansetron ODT,4mg;8mg
ONEXTON,1.2%-3.75%
ONGENTYS,25mg;50mg
ONGLYZA,2.5mg;5mg
ONZETRA Xsail,11mg
OPSUMIT,10mg
OPZELURA,1.5%
ORACEA,40mg
ORALONE,0.5%
ORAPRED,10mg;15mg;30mg
ORAVIG,50mg
ORENITRAM,0.125mg;0.25mg;1mg;2.5mg;5mg
ORFADIN,4mg/mL;2mg;5mg;10mg;20mg
ORIAHNN,300mg-1mg-0.5mg-300mg
ORILISSA,150mg;200mg
ORKAMBI,100mg-125mg-200mg-125mg
ORLADEYO,110mg;150mg
Orlistat,120mg
Orphenadrine ER,100mg
Orphenadrine-Aspirin-Caffeine,25mg-385mg-30mg;50mg-770mg-60mg
ORPHENGESIC Forte,50mg-770mg-60mg
ORSYTHIA,0.1mg-0.02mg
ORTHO TRI CYCLEN,;
ORTHO TRI CYCLEN Lo,;
ORTIKOS,6mg;9mg
OSCIMIN,0.125mg
OSCIMIN ODT,0.125mg
Oseltamavir,6mg/mL;30mg;45mg;75mg
OSENI,12.5mg-15mg;12.5mg-30mg;12.5mg-45mg;25mg-15mg;25mg-30mg;25mg-45mg
OSMOLEX ER,129mg;193mg;258mg
OSMOPREP,;
OSPHENA,60mg
OTEZLA,30mg
OTEZLA starter pack,;
OTOVEL,0.3%-0.025%
OTREXUP,10mg/0.4mL;12.5mg/0.4mL;15mg/0.4mL;17.5mg/0.4mL;20mg/0.4mL;22.5mg/0.4mL;25mg/0.4mL
OVACE foam,9.8%
OVACE lotion,9.8%
OVACE Plus cream,10%
OVACE Plus shampoo,10%
OVACE Plus wash,10%
OVACE wash,10%
Oxaprozin,600mg
OXBRYTA,300mg;500mg
Oxcarbazepine,300mg/5mL;150mg;300mg;600mg
Oxiconazole cream,1%
OXISTAT cream,1%
OXISTAT lotion,1%
OXTELLAR XR,150mg;300mg;600mg
Oxybutynin,5mg/5mL;5mg
Oxybutynin ER,5mg;10mg;15mg
OZEMPIC,0.5mg;1mg
OZOBAX,5mg/5mL
PACERONE,100mg;200mg;400mg
Paliperidone,1.5mg;3mg;6mg;9mg
PAMELOR,10mg;25mg;50mg;75mg
PANCREAZE,2600 units;4200 units;10500 units;16800 units;21000 units;37000 units
PANDEL,0.1%
PANRETIN,0.1%
Pantoprazole,20mg;40mg
Pantoprazole packet,40mg
Paricalcitol,1mcg;2mcg;4mcg
PARLODEL,2.5mg;5mg
PARNATE,10mg
Paromomycin,250mg
Paroxetine,10mg/5mL;10mg;20mg;30mg;40mg
Paroxetine capsule,7.5mg
Paroxetine ER,12.5mg;25mg;37.5mg
PATANASE,665mcg
PAXIL,10mg/5mL;10mg;20mg;30mg;40mg
PAXIL CR,12.5mg;25mg;37.5mg
PAXLOVID,150mg-100mg;300mg-100mg;
PEDIAPRED,5mg/5mL
PEDIARIX vaccine,;
PEDVAXHIB vaccine,;
PEG-3350 and Electrolytes (generic Colytely),;
PEG-3350 and Electrolytes (generic Golytely),;
PEG-3350 and Electrolytes (generic Nulytely),;
PEGASYS,180mcg/mL;180mcg/0.5mL
Penicillamine capsule,250mg
Penicillamine tablet,250mg
Penicillin V Potassium,250mg;500mg
Penicillin V Potassium powder,125mg/5mL;250mg/5mL
PENNSAID,2%
PENTACEL vaccine,;
PENTASA,250mg;500mg
Pentazocine-Naloxone,50mg-0.5mg
Pentoxifylline,400mg
PEPCID,20mg;40mg
PERFOROMIST,20mcg/2mL
PERIDEX,0.12%
Perindopril,2mg;4mg;8mg
Permethrin cream,5%
Perphenazine,2mg;4mg;8mg;16mg
PERSERIS,90mg;120mg
PERTZYE,4000units;8000units;16000units;24000units
PEXEVA,10mg;20mg;30mg
Pfizer COVID-19 (bivalent) vaccine,;
Pfizer COVID-19 vaccine,;
PHENADOZ,25mg
Phenazopyridine,100mg;200mg
Phendimetrazine,35mg
Phendimetrazine ER,105mg
Phenelzine,15mg
PHENYTEK,200mg;300mg
Phenytoin (extended),100mg
Phenytoin ER,100mg;200mg;300mg
Phenytoin Infatabs,100mg
Phenytoin suspension,125mg/5mL
PHEXXI,;
PHILITH,0.4mg-0.035mg
PHOSLO,667mg
PHOSLYRA,667mg/5mL
PIFELTRO,100mg
Pilocarpine,5mg;7.5mg
Pilocarpine eye drops,1%;2%;4%
Pimecrolimus cream,1%
Pimozide,1mg;2mg
PIMTREA,0.15mg-0.02mg-0.01mg
Pindolol,5mg;10mg
Pioglitazone,15mg;30mg;45mg
Pioglitazone-Glimepiride,30mg-2mg;30mg-4mg
Pirfenidone,267mg;534mg-801mg
PIRMELLA 1/35,1mg-0.035mg
PIRMELLA 7/7/7,;
PIRNUO,2%
Piroxicam,10mg;20mg
PLAQUENIL,200mg
PLAVIX,75mg;300mg
PLENVU,;
PLEXION cloth,9.8%-4.8%
PLEXION cream,9.8%-4.8%
PLEXION lotion,9.8%-4.8%
PLEXION NS shampoo,9.8%
PLEXION wash,9.8%-4.8%
PLIAGLIS,7%-7%
PNEUMOVAX 23 vaccine,;
PNV-DHA,;
PNV-Omega,;
PNV-Select,;
Podofilox,0.5%
POLYCIN,;
Polymyxin B-Trimethoprim eye drops,;
POLYTRIM,;
PONVORY,20mg
PONVORY starter pack,;
PORTIA,0.15mg-0.03mg
Potassium Chloride capsule,8mEq;10mEq
Potassium Chloride packet,20mEq
Potassium Chloride solution,20mEq/15mL;40mEq/15mL
Potassium Chloride tablet,8mEq;10mEq;15mEq;20mEq
Potassium Cit.-Sodium Cit.-Citric Acid solution,550mg-500mg-334mg/5mL
Potassium Citrate,5mEq;10mEq
Potassium Citrate ER,5mEq;10mEq;15mEq
Potassium Citrate-Citric Acid solution,1100mg-334mg/5mL
PRADAXA,75mg;110mg;150mg
PRADAXA packet,20mg;30mg;40mg;50mg;110mg;150mg
PRALUENT,75mg/mL;150mg/mL
Pramipexole,0.125mg;0.25mg;0.5mg;0.75mg;1mg;1.5mg
Pramipexole ER,0.375mg;1.5mg;2.25mg;3mg;3.75mg;4.5mg
PRAMOSONE cream,2.5%-1%;1%-1%
PRAMOSONE lotion,2.5%-1%;1%-1%
PRAMOSONE ointment,2.5%-1%;1%-1%
Prasugrel,5mg;10mg
Pravastatin,10mg;20mg;40mg;80mg
Praziquantel,600mg
Prazosin,1mg;2mg;5mg
PRED Forte,1%
PRED Mild,0.12%
PRED-G drops,0.3%-0.6%
PRED-G ointment,0.3%-0.6%
Prednicarbate cream,0.1%
Prednicarbate ointment,0.1%
Prednisolone (generic Prelone),15mg/5mL
Prednisolone eye drops,1%
Prednisolone ODT,10mg;15mg;30mg
Prednisolone Sod. Phosphate (generic Orapred),15mg/5mL
Prednisone,1mg;2.5mg;5mg;10mg;20mg;50mg
Prednisone Intensol,5mg/mL
PREFEST,;
PREGNYL,10000 units/vial
PREHEVBRIO vaccine,;
PREMARIN,0.3mg;0.45mg;0.625mg;0.9mg;1.25mg
PREMARIN Cream,0.625mg/g
PREMPRO,0.3mg-1.5mg;0.45mg-1.5mg;0.625mg-2.5mg;0.625mg-5mg
PRENAISSANCE,;
PRENAISSANCE Plus,;
PRENATE Chewable,;
PRENATE DHA,;
PRENATE Elite,;
PRENATE Enhance,;
PRENATE Essential,;
PRENATE Mini,;
PRENATE Pixie,;
PRENATE Restore,;
PREPIDIL,0.5mg
PRESTALIA,3.5mg-2.5mg;7mg-5mg;14mg-10mg
Pretomanid,200mg
PREVACID,15mg;30mg
PREVACID SoluTab,15mg;30mg
PREVALITE,4g
PREVIDENT 5000 Booster Plus,;
PREVIDENT 5000 Dry Mouth,;
PREVIDENT 5000 Enamel Protect,;
PREVIDENT 5000 Sensitive,;
PREVIDENT gel,;
PREVIFEM,0.25mg-0.035mg
PREVNAR 13 vaccine,;
PREVYMIS,240mg;480mg
PREZCOBIX,800mg-150mg
PREZISTA,100mg/mL;75mg;150mg;600mg;800mg
Pridostigmine,60mg/5mL;30mg;60mg
PRIFTIN,150mg
PRILOSEC,20mg;40mg
PRILOSEC packet,2.5mg;10mg
Primaquine,26.3mg
Primidone,50mg;250mg
PRISTIQ,25mg;50mg;100mg
PROAIR Digihaler,90mcg
PROAIR HFA,90mcg
PROAIR Respiclick,90mcg
Probenecid,500mg
Probenecid-Colchicine,500mg-0.5mg
PROCARDIA XL,30mg;60mg;90mg
Prochlorperazine,5mg;10mg
Prochlorperazine suppository,25mg
PROCTOCORT cream,1%
PROCTOCORT suppository,30mg
PROCTOFOAM,1%-1%
PROCTOSOL-HC,2.5%
PROCTOZONE-HC,2.5%
PROCYSBI,25mg;75mg
PROCYSBI packet,75mg;300mg
Progesterone,100mg;200mg
PROGLYCEM,50mg/mL
PROGRAF,0.5mg;1mg;5mg
PROGRAF Granules,0.2mg;1mg
PROLATE,10mg-300mg/5mL;5mg-300mg;7.5mg-300mg;10mg-300mg;
PROLENSA,0.07%
PROMACTA,12.5mg;25mg;50mg;75mg
PROMACTA packet,12.5mg;25mg
Promethazine,6.25mg/5mL;12.5mg;25mg;50mg
Promethazine ampule,25mg/mL;50mg/mL
Promethazine DM,6.25mg-15mg/5mL
Promethazine DM,6.25mg-15mg/5mL
Promethazine suppository,12.5mg;25mg
Promethazine VC,6.25mg-5mg/5mL
PROMETHEGAN,12.5mg;25mg;50mg
PROMETRIUM,100mg;200mg
Propafenone,150mg;225mg;300mg
Propafenone ER,225mg;325mg;425mg
Proparacaine eye drops,0.5%
PROPECIA,1mg
Propranolol,20mg/5mL;40mg/5mL;10mg;20mg;40mg;60mg;80mg
Propranolol ER,60mg;80mg;120mg;160mg
Propylthiouracil,50mg
PROSCAR,5mg
PROTONIX,20mg;40mg
PROTONIX packet,40mg
PROTOPIC,0.03%;0.1%
Protriptyline,5mg;10mg
PROVENTIL HFA,108mcg
PROVERA,2.5mg;5mg;10mg
PROVOCHOLINE,100mg
PROZAC,10mg;20mg;40mg
PRUDOXIN,5%
PSORCON,0.05%
PULMICORT Flexhaler,90mcg;180mcg
PULMICORT Respules,0.25mg/2mL;0.5mg/2mL;1mg/2mL
PURINETHOL,50mg
PURIXAN,20mg/mL
PYLERA,;
Pyrazinamide,500mg
PYRIDIUM,100mg;200mg
Pyridostigmine ER,180mg
Pyrimethamine,25mg
PYRUKYND,5mg;20mg;50mg
PYRUKYND taper pack,;
QBRELIS,1mg/mL
QBREXZA,;
QELBREE,100mg;150mg;200mg
QNASL,40mcg;80mcg
QTERN,5mg-5mg;5mg-10mg
QUADRACEL vaccine,;
QUARTETTE,;
QUDEXY XR,25mg;50mg;100mg;150mg;200mg
QUESTRAN,4g
Quetiapine,25mg;50mg;100mg;200mg;300mg;400mg
Quetiapine ER,50mg;150mg;200mg;300mg;400mg
QUFLORA ,0.25mg;0.5mg
QUFLORA Drops,0.25mg;0.5mg
QUFLORA Fe Drops,0.25mg
Quinapril,5mg;10mg;20mg;40mg
Quinapril-HCT,10mg-12.5mg;20mg-12.5mg;20mg-25mg
Quinidine,200mg;300mg
Quinidine ER,324mg
Quinine,324mg
QULIPTA,10mg;30mg;60mg
QVAR Redihaler,40mcg;80mcg
RABAVERT vaccine,;
Rabeprazole,20mg
Raloxifene,60mg
Ramelteon,8mg
Ramipril capsule,1.25mg;2.5mg;5mg;10mg
Ramipril tablet,1.25mg;2.5mg;5mg;10mg
RANEXA,500mg;1000mg
Ranolazine ER,500mg;1000mg
RAPAFLO,4mg;8mg
RAPAMUNE,1mg/mL;0.5mg;1mg;2mg
Rasagiline,0.5mg;1mg
RASUVO,7.5mg/0.15mL;10mg/0.2mL;12.5mg/0.25mL;15mg/0.3mL;17.5mg/0.35mL;20mg/0.4mL;22.5mg/0.5mL;30mg/0.6mL
RAVICTI,1.1mg/mL
RAYALDEE,30mcg
RAYOS,1mg;2mg;5mg
RAZADYNE ER,8mg;16mg;24mg
RECLIPSEN,0.15mg-0.03mg
RECOMBIVAX HB vaccine,;
RECORLEV,150mg
RECTIV,0.4%
REDITREX,7.5mg/0.15mL;10mg/0.2mL;12.5mg/0.25mL;15mg/0.3mL;17.5mg/0.35mL;20mg/0.4mL;22.5mg/0.5mL;30mg/0.6mL
REGLAN,5mg;10mg
REGRANEX,0.01%
RELAFEN,500mg;750mg
RELAFEN DS,1000mg
RELENZA,5mg
RELISTOR,8mg/0.4mL;12mg/0.6mL;150mg
RELPAX,20mg;40mg
RELTONE,200mg;400mg
REMERON,15mg;30mg
REMERON Soltab,15mg;30mg;45mg
RENAGEL,800mg
RENOVA,0.02%
RENVELA,800mg
RENVELA packet,0.8g;2.4g
Repaglinide,0.5mg;1mg;2mg
REPATHA,140mg/mL
REPATHA Sureclick,140mg/mL
RESTASIS,0.05%
RESTASIS Multidose,0.05%
RETIN-A cream,0.025%;0.05%;0.1%
Retin-A gel,0.01%;0.025%
RETIN-A Micro,0.04%;0.06%;0.08%;0.1%
RETROVIR,10mg/mL;100mg
REVATIO,10mg/mL;20mg
REXULTI,0.25mg;0.5mg;1mg;2mg;3mg;4mg
REYATAZ,200mg;300mg
REYATAZ packet,50mg
REYVOW,50mg;100mg
REZUROCK,200mg
RHOFADE,1%
RHOPRESSA,0.02%
Ribavirin,200mg;400mg;500mg;600mg
Ribavirin capsule,200mg
RIDAURA,3mg
Rifabutin,150mg
Rifampin,150mg;300mg
Riluzole,50mg
Rimantadine,100mg
RINVOQ,15mg;30mg;45mg
RIOMET,500mg/5mL
Risedronate,5mg;35mg;150mg
RISPERDAL,1mg/mL;0.25mg;0.5mg;1mg;2mg;3mg;4mg
RISPERDAL CONSTA,;
RISPERDAL M-Tab,0.5mg;1mg;2mg;3mg;4mg
Risperidone,1mg/mL;0.25mg;0.5mg;1mg;2mg;3mg;4mg
RISPERIDONE ODT,0.25mg;0.5mg;1mg;2mg;3mg;4mg
Ritonavir,100mg
Rivastigmine,1.5mg;3mg;4.5mg;6mg
Rivastigmine patch,4.6mg/24h;9.5mg/24h;13.3mg/24h
RIVELSA,0.15mg-0.03mg
Rizatriptan,5mg;10mg
Rizatriptan ODT,5mg;10mg
ROBINUL,1mg
ROBINUL Forte,2mg
ROCALTROL,1mcg/mL;0.25mcg;0.5mcg
ROCKLATAN,0.02%-0.005%
Ropinirole,0.25mg;0.5mg;1mg;2mg;3mg;4mg;5mg
Ropinirole ER,2mg;4mg;6mg;8mg;12mg
ROSADAN,0.75%
ROSADAN Gel,0.75%
Rosuvastatin,5mg;10mg;20mg;40mg
Rosuvastatin-Ezetimibe,5mg-10mg;10mg-10mg;20mg-10mg;40mg-10mg
ROSZET,5mg-10mg;10mg-10mg;20mg-10mg;40mg-10mg
ROWASA,4g/60mL
ROWEEPRA,500mg;750mg;1000mg
ROWEEPRA XR,500mg;750mg
ROZEREM,8mg
Rufinamide,40mg/mL;200mg;400mg
RUKOBIA,600mg
RYALTRIS,665mg-25mcg
RYBELSUS,3mg;7mg;14mg
RYCLORA,2mg/5mL
RYTARY,23.75mg-95mg;36.25mg-145mg;48.75mg-195mg;61.25mg-245mg
RYTHMOL,225mg;325mg;425mg
RYVENT,6mg
SABRIL,500mg
SABRIL powder,500mg
SAFYRAL,3mg-0.03mg-0.451mg-0.451mg
SALAGEN,5mg;7.5mg
Salicylic Acid,6%
SALSALATE,500mg;750mg
SALVAX,6%
SAMSCA,15mg;30mg
SANCUSO,3.1mg/24h
SANDIMMUNE,100mg/mL;25mg;100mg
SAPHRIS,2.5mg;5mg;10mg
SAVAYSA,15mg;30mg;60mg
SAVELLA,12.5mg;25mg;50mg;100mg
SAVELLA titration pack,;
SAXENDA,6mg/mL
SCENESSE,16mg
Scopolamine patch,1mg
SEASONIQUE,;
SECUADO,3.8mg/day;5.7mg/day;7.6mg/day
SEGLUROMET,2.5mg-500mg;2.5mg-1000mg;7.5mg-500mg;7.5mg-1000mg
Selegiline capsule,5mg
Selegiline tablet,5mg
Selenium Sulfide lotion,2.5%
Selenium Sulfide shampoo,2.25%
SELZENTRY,20mg/mL;25mg;75mg;150mg;300mg
SEMGLEE,100 units/mL
SENSIPAR,30mg;60mg;90mg
SEREVENT Diskus,50mcg
SERNIVO,0.05%
SEROQUEL,25mg;50mg;100mg;200mg;300mg;400mg
SEROQUEL XR,50mg;150mg;200mg;300mg;400mg
Sertraline,20mg/mL;25mg;50mg;100mg
SETLAKIN,0.15mg-0.03mg
Sevelamer Carbonate,800mg
Sevelamer packet,0.8g;2.4g
SEYSARA,60mg;100mg;150mg
SF 1.1% Gel,;
SF 5000 Plus,;
SHAROBEL,0.35mg
SHINGRIX vaccine,;
SIKLOS,100mg;1000mg
Sildenafil,20mg;25mg;50mg;100mg
Silenor,3mg;6mg
Silodosin,4mg;8mg
SILVADENE,1%
Silver Sulfadiazine,1%
SIMBRINZA,1%-0.2%
SIMLIYA,0.15mg-0.02mg;0.01mg
SIMPESSE,0.15mg-0.03mg-0.01mg
Simvastatin,5mg;10mg;20mg;40mg;80mg
SINEMET,10mg-100mg;25mg-100mg;25mg-250mg
SINGULAIR,5mg;10mg
SINGULAIR chewable,4mg
SINGULAIR packet,4mg
Sirolimus,1mg/mL;0.5mg;1mg;2mg
SIRTURO,20mg;100mg
SITAVIG,50mg
SIVEXTRO,200mg
SKELAXIN,800mg
SOAANZ,20mg;40mg;60mg
Sodium Chloride inh solution,0.9%;3%
Sodium Chloride irrigation solution,;
Sodium Citrate-Citric Acid,500mg-334mg/5mL
Sodium Phenylbutyrate,500mg
Sodium Phenylbutyrate powder,3g
Sodium Polystyrene powder,;
Sodium Sulfacetamide gel,10%
Sodium sulfacetamide lotion,10%
Sodium Sulfacetamide shampoo,10%
Sodium Sulfacetamide wash,10%
Sodium Sulfacetamide-Sulfur cream,9.8%-4.8%;10%-2%;10%-5%
Sodium Sulfacetamide-Sulfur cream (emollient),10%-5%
Sodium Sulfacetamide-Sulfur foam (emollient),10-5%
Sodium Sulfacetamide-Sulfur lotion,9%-4.5%;9.8%-4.8%;10%-1%;10%-5%
Sodium Sulfacetamide-Sulfur swabs,10%-4%
Sodium Sulfacetamide-Sulfur wash,8%-4%;9%-4%;9%-4.5%;9.8%-4.8%;10%-1%;10%-2%;10%-5%
SOLARAZE,3%
Solifenacin,5mg;10mg
SOLIQUA 100/33,100 units-33 umcg/mL
SOLODYNE,55mg;65mg;80mg;105mg;115mg
SOLOSEC,2g
SOLTAMOX,20mg/10mL
SOMA,250mg;350mg
SOOLANTRA,1%
SORILUX,0.005%
SORINE,80mg;120mg;160mg;240mg
Sotalol,80mg;120mg;160mg;240mg
Sotalol AF,80mg;120mg;160mg
SOTYLIZE,5mg/mL
SOVALDI,200mg;400mg
SOVALDI packet,150mg;200mg
SPIRIVA Handihaler,18mcg
SPIRIVA Respimat,1.25mcg;2.5mcg
Spironolactone,25mg;50mg;100mg
Spironolactone-HCT,25mg-25mg
SPORANOX,10mg/mL;100mg
SPRINTEC,0.25mg-0.035mg
SPRITAM,250mg;500mg;750mg;1000mg
SPRIX,15.75mg
SRONYX,0.1mg-0.02mg
SSD Cream,1%
SSKI,1g/mL
STALEVO,200mg-12.5mg-50mg;200mg-18.75mg-75mg;200mg-25mg-100mg;200mg-31.25mg-125mg;200mg-37.5mg-175mg;200mg-50mg-200mg
Stavudine,15mg;20mg;30mg;40mg
STEGLATRO,5mg;15mg
STEGLUJAN,5mg-100mg;15mg-100mg
STENDRA,50mg;100mg;200mg
STIMATE,0.15mg
STIOLTO Respimat,2.5mcg-2.5mcg
STIVERDI Respimat,2.5mcg
STRATTERA,10mg;18mg;25mg;40mg;60mg;80mg;100mg
STRIBILD,150mg-150mg-200mg-300mg
STROMECTOL,3mg
STROVITE One,;
SUBVENITE,25mg;100mg;150mg;200mg
SUBVENITE starter kit (blue),;
SUBVENITE starter kit (green),;
SUBVENITE starter kit (orange),;
SUCRAID,8500units/mL
Sucralfate,1g/10mL;1g
SULAR,8.5mg;17mg;34mg
Sulconazole cream,1%
Sulconazole solution,1%
Sulfacetamide eye drops,10%
Sulfacetamide eye ointment,10%
Sulfacetamide lotion,10%
Sulfacetamide shampoo,9.8%
Sulfacetamide wash,10%
Sulfacetamide-Prednisolone eye drops,10%-2.3%
SULFACLEANSE,8%-4%
Sulfadiazine,500mg
Sulfamethoxazole-TMP,200mg-40mg/5mL;400mg-80mg;800mg-160mg
SULFAMYLON cream,;
SULFAMYLON packet,;
Sulfasalazine,500mg
Sulfasalazine DR,500mg
SULFATRIM,200mg-40mg/5mL
Sulindac,150mg;200mg
SUMADAN kit,;
SUMADAN wash,;
Sumatriptan,25mg;50mg;100mg
Sumatriptan injection,4mg/0.5mL;6mg/0.5mL
Sumatriptan nasal spray,5mg;20mg
Sumatriptan-Naproxen,85mg-500mg
SUMAXIN,10%-4%
SUMAXIN CP,;
SUNOSI,75mg;150mg
SUPRAX,400mg
SUPRAX chewable,100mg;200mg
SUPRAX powder,100mg/5mL;200mg/5mL;500mg/5mL
SUPREP,;
SUSTIVA,50mg;200mg
SUTAB,;
SYEDA,3mg-0.03mg
SYMAX Duotab,0.375mg
SYMAX SL,0.125mg
SYMAX SR,0.375mg
SYMBICORT,80mcg-4.5mcg;160mcg;4.5mcg
SYMBYAX,3mg-25mg;6mg-25mg
SYMDEKO,100mg-150mg-150mg;50mg-75mg-75mg
SYMFI,;
SYMFI LO,;
SYMJEPI,0.15mg/0.3mL;0.3mg/0.3mL
SYMLINPEN 120,;
SYMLINPEN 60,;
SYMPROIC,0.2mg
SYMTUZA,;
SYNALAR cream,0.025%
SYNALAR ointment,0.025%
SYNALAR TS,;
SYNAREL,2mg/mL
SYNARLAR solution,0.025%
SYNJARDY,5mg-500mg;5mg-1000mg;12.5mg-500mg;12.5mg-1000mg
SYNJARDY XR,5mg-1000mg;10mg-1000mg;12.5mg-1000mg;25mg-1000mg
SYNTHROID,25mcg;50mcg;75mcg;88mcg;100mcg;112mcg;125mcg;137mcg;150mcg;175mcg;200mcg;300mcg
SYPRINE,250mg
TACLONEX ointment,0.005%-0.064%
TACLONEX suspension,0.005%-0.064%
Tacrolimus,0.5mg;1mg;5mg
Tacrolimus ointment,0.03%;0.1%
Tadalafil,2.5mg;5mg;10mg;20mg
TALICIA,10mg-250mg-12.5mg
TAMIFLU,6mg/mL;30mg;45mg;75mg
Tamoxifen,10mg;20mg
Tamsulosin,0.4mg
TARGADOX,50mg
TARGRETIN,75mg
TARGRETIN gel,1%
TARINA 24 FE,1mg-20mcg
TARINA Fe 1/20,1mg-20mcg
TARINA Fe 1/20 EQ,1mg-20mcg
TARPEYO,4mg
TASMAR,100mg
Tavaborole,5%
TAVALISSE,100mg;150mg
TAVNEOS,10mg
TAYSOFY,1mg-20mcg
TAYTULLA,1mg-20mcg
Tazarotene cream,0.05%;0.1%
Tazarotene foam,0.1%
TAZORAC cream,0.05%;0.1%
TAZORAC gel,0.05%;0.1%
TAZTIA XT,120mg;180mg;240mg;300mg;360mg
TDVAX vaccine,;
TECFIDERA,120mg;240mg
TEGRETOL,100mg/5mL;200mg
TEGRETOL-XR,100mg;200mg;400mg
TEKTURNA,150mg;300mg
TEKTURNA HCT,150mg-12.5mg;150mg-25mg;300mg-12.5mg;300mg-25mg
Telmisartan,20mg;40mg;80mg
Telmisartan-Amlodipine,40mg-5mg;40mg-10mg;80mg-5mg;80mg-10mg
Telmisartan-HCT,40mg-12.5mg;80mg-12.5mg;80mg-25mg
TEMIXYS,300mg-300mg
TENCON,50mg-325mg
Tenofovir,300mg
TENORETIC,50mg-25mg;100mg-25mg
TENORMIN,25mg;50mg;100mg
Terazosin,1mg;2mg;5mg;10mg
Terbinafine,250mg
Terbutaline,2.5mg;5mg
Terconazole cream,0.4%;0.8%
Terconazole suppository,80mg
Teriflunomide,7mg;14mg
Tetrabenazine,12.5mg;25mg
Tetracaine eye drops,0.5%
Tetracycline,250mg;500mg
TEXACORT,2.5%
THALITONE,15mg
THEO-24,100mg;200mg;300mg;400mg
Theophylline,80mg/15mL
Theophylline ER,300mg;400mg;450mg;600mg
THERMAZENE,1%
THIOLA,100mg
THIOLA EC,100mg;300mg
Thioridazine,10mg;25mg;50mg;100mg
Thiothixene,1mg;2mg;5mg;10mg
THYQUIDITY,100mcg/5mL
TIADYLT ER,120mg;180mg;240mg;300mg;360mg;420mg
Tiagabine,2mg;4mg;12mg;16mg
TIAZAC,120mg;180mg;240mg;300mg;360mg;420mg
TIGLUTIK,50mg/10mL
TIKOSYN,0.125mg;0.25mg;0.5mg
TILIA Fe,;
Timolol,5mg;10mg;20mg
Timolol eye drops,0.25%;0.5%
Timolol GFS,0.25%;0.5%
TIMOPTIC,0.25%;0.5%
TIMOPTIC Ocudose,0.25%;0.5%
TIMOPTIC-XE,0.25%;0.5%
TINDAMAX,250mg;500mg
Tinidazole,250mg;500mg
TIROSINT,13mcg;25mcg;50mcg;75mcg;88mcg;100mcg;112mcg;125mcg;137mcg;150mcg;175mcg;200mcg
TIROSINT-SOL,13mcg/mL;25mcg/mL;37.5mcg/mL;44mcg/mL;50mcg/mL;62.5mcg/mL;75mcg/mL;88mcg/mL;100mcg/mL;112mcg/mL;125mcg/mL;137mcg/mL;150mcg/mL;175mcg/mL;200mcg/mL
TIVICAY,10mg;25mg;50mg
TIVICAY PD,5mg
TIVORBEX,20mg
Tizanidine capsule,2mg;4mg;6mg
Tizanidine tablet,2mg;4mg
TOBRADEX drops,0.3%-0.1%
TOBRADEX ointment,0.3%-0.1%
TOBRADEX ST,0.3%-0.05%
Tobramycin eye drops,0.3%
Tobramycin-Dexamethasone,0.3%-0.1%
TOBREX drops,0.3%
TOBREX ointment,0.3%
TOLAK,4%
Tolcapone,100mg
TOLSURA,65mg
Tolterodine,1mg;2mg
Tolterodine ER,2mg;4mg
Tolvaptan,15mg;30mg;60mg
TOPAMAX capsule,15mg;25mg
TOPAMAX tablet,25mg;50mg;100mg;200mg
TOPICORT cream,0.05%;0.25%
TOPICORT gel,0.05%
TOPICORT ointment,0.05%;0.25%
TOPICORT spray,0.25%
Topiramate capsule,15mg;25mg
Topiramate ER,50mg;100mg;150mg;200mg
Topiramate tablet,25mg;50mg;100mg;200mg
TOPROL XL,25mg;50mg;100mg;200mg
Toremifene,60mg
Torsemide,5mg;10mg;20mg;100mg
TOSYMRA,10mg
TOUJEO,300 units/mL
TOUJEO Max,300 units/mL
TOVET,0.05%
TOVIAZ,4mg;8mg
TPOXX,200mg
TRACLEER,32mg;62.5mg;125mg
TRADJENTA,5mg
Trandolapril,1mg;2mg;4mg
Trandolapril-Verapamil,1mg-240mg;2mg-180mg;2mg-240mg;4mg-240mg
Tranexamic Acid,650mg
TRANSDERM-SCOP,1mg/3d
Tranylcypromine,10mg
TRAVATAN Z,0.004%
Travoprost eye drops,0.004%
Trazodone,50mg;100mg;150mg;300mg
TRECATOR,250mg
TRELEGY Ellipta,100mcg-62.5mcg-25mcg;200mcg-62.5mcg-25mcg
TRESIBA,100 units/mL;200 units/mL
Tretinoin,10mg
Tretinoin cream,0.025%;0.05%;0.1%
Tretinoin gel,0.01%;0.025%;0.04%;0.05%;0.1%
TREXALL,5mg;7.5mg;10mg;15mg
TREXIMET,85mg-500mg
TRI MILI,;
TRI-ESTARYLLA,;
TRI-FEMYNOR,;
TRI-LEGEST Fe,;
TRI-LINYAH,;
TRI-LO-ESTARYLLA,;
TRI-LO-MARZIA,;
TRI-LO-MILI,;
TRI-LO-SPRINTEC,;
TRI-LUMA,;
TRI-NYMYO,;
TRI-SPRINTEC,;
TRI-VITE with Fluoride,0.25mg;0.5mg
TRI-VYLIBRA,;
TRI-VYLIBRA Lo,;
Triamcinolone cream,0.025%;0.1%;0.5%
Triamcinolone lotion,0.025%;0.1%
Triamcinolone ointment,0.025%;0.1%;0.5%
Triamcinolone paste,0.1%
Triamcinolone topical spray,0.147mg/g
Triamterene,50mg;100mg
Triamterene-HCT capsule,37.5mg-25mg
Triamterene-HTC tablet,37.5mg-25mg;75mg-50mg
TRIANEX,0.05%
TRIBENZOR,20mg-5mg-12.5mg;40mg-5mg-12.5mg;40mg-5mg-25mg;40mg-10mg-12.5mg;40mg-10mg-25mg
TRICOR,48mg;145mg
TRIDERM,0.1%;0.5%
TRIDESILON,0.05%
Trientine,250mg
Trifluoperazine,1mg;2mg;5mg;10mg
Trifluridine eye drops,1%
Trihexyphenidyl,2mg/5mL;2mg;5mg
TRIJARDY XR,5mg-2.5mg-1000mg;10mg-5mg-1000mg;12.5mg-2.5mg-1000mg;25mg-5mg-1000mg
TRILEPTAL,60mg/mL;150mg;300mg;600mg
TRILIPIX,45mg;135mg
Trimethobenzamide Hydrochloride,300mg
Trimethoprim,100mg
Trimipramine,25mg;50mg;100mg
TRINTELLIX,5mg;10mg;20mg
TRISTART DHA,;
TRIUMEQ,600mg-50mg-300mg
TRIUMEQ PD,60mg-5mg-30mg
TRIVORA,;
TRIZIVIR,300mg-150mg-300mg
TROKENDI XR,25mg;50mg;100mg;200mg
Tropicamide eye drops,0.5%;1%
Trospium,20mg
Trospium ER,60mg
TRUDHESA,4mg
TRULANCE,3mg
TRULICITY,0.75mg;1.5mg;3mg;4.5mg
TRUMENBA vaccine,;
TRUSOPT,2%
TRUVADA,100mg-150mg;133mg-200mg;167mg-250mg;200mg-300mg
TUDORZA Pressair,400mcg
TULANA,0.35mg
TWINRIX vaccine,;
TWIRLA,120mcg-30mcg/day
TWYNEO,0.1%-3%
TYBOST,150mg
TYDEMY,;
TYRVAYA,0.03mg
UBRELVY,50mg;100mg
UCERIS,9mg;28mg
UDENYCA,6mg/0.6mL
ULORIC,40mg;80mg
ULTRASAL-ER,28.5%
ULTRAVATE,0.05%
UMECTA Mousse,40%
UNITHROID,25mcg;50mcg;75mcg;88mcg;100mcg;112mcg;125mcg;137mcg;150mcg;175mcg;200mcg;300mcg
UPNEEQ,0.1%
UPTRAVI,200mcg;400mcg;600mcg;800mcg;1000mcg;1200mcg;1400mcg;1600mcg
UPTRAVI titration pack,;
Urea cream,39%;40%;41%;45%;47%
Urea foam,35%
Urea gel,45%
URELLE,;
URIBEL,;
Urimar-T,;
Uro-458,;
Uro-MP,;
UROCIT-K,5mEq;10mEq;15mEq
UROGESIC BLUE,;
UROXATRAL,10mg
URSO 250,250mg
URSO Forte,500mg
Ursodiol,250mg;300mg;400mg;500mg
USTELL,;
UTIRA-C,;
VAGIFEM,10mcg
Valacyclovir,500mg;1g
VALCHLOR,0.016%
VALCYTE,50mg/mL;450mg
Valganciclovir,50mg/mL;450mg
VALIUM,2mg;5mg;10mg
Valproic Acid,250mg/5mL;250mg
Valsartan,40mg;80mg;160mg;320mg
Valsartan-HCT,80mg-12.5mg;160mg-12.5mg;160mg-25mg;320mg-12.5mg;320mg-25mg
VALTREX,500mg;1g
VANCOCIN,125mg;250mg
Vancomycin,125mg;250mg
Vancomycin powder,250mg/5mL
VANDAZOLE,0.75%
VANIQA,13.9%
VANOS,0.1%
VAQTA Pediatric vaccine,;
VAQTA vaccine,;
Vardenafil,2.5mg;5mg;10mg;20mg
Varenicline,0.5mg;1mg
VARUBI,90mg
VASCEPA,500mg;1000mg
VASERETIC,10mg-25mg
VASOTEC,2.5mg;5mg;10mg;20mg
VECAMYL,2.5mg
VECTICAL,3mcg/g
VELIVET,;
VELPHORO,500mg
VELTASSA,8.4g;16.8g;25.2g
VELTIN,1.2%-0.025%
VEMLIDY,25mg
Venlafaxine,25mg;37.5mg;50mg;75mg;100mg
Venlafaxine ER capsule,37.5mg;75mg;150mg
Venlafaxine ER tablet,37.5mg;75mg;112.5mg;150mg;225mg
VENTOLIN HFA,90mcg
Verapamil,40mg;80mg;120mg;180mg
Verapamil ER capsule,100mg;120mg;180mg;200mg;240mg;300mg;360mg
Verapamil ER tablet,120mg;180mg;240mg
VERDESO,0.05%
VEREGEN,15%
VERELAN,120mg;180mg;240mg;360mg
VERELAN PM,100mg;200mg;300mg
VERKAZIA,0.1%
VERQUVO,2.5mg;5mg;10mg
VERSACLOZ,50mg/mL
VESICARE,1mg/mL;5mg;10mg
VESTURA,3mg-0.02mg
VFEND,40mg/mL;50mg;200mg
VIAGRA,25mg;50mg;100mg
VIBRAMYCIN Hyclate,100mg
VIBRAMYCIN Mono,25mg/5mL
VIBRAMYCIN syrup,50mg/5mL
VICTOZA 2-pak,;
VICTOZA 3-pak,;
VIEKIRA Pak,;
VIENVA,0.1mg-0.02mg
VIGABATRIN,500mg
VIGABATRIN packet,500mg
VIGADRONE,500mg
VIGAMOX,0.5%
VIIBRYD,10mg;20mg;40mg
VIIBRYD starter pack,;
VIMOVO,375mg-20mg;500mg-20mg
VIOKACE,10440 units;20880 units
VIORELE,0.15mg-0.02mg-0.01mg
VIRACEPT,250mg;625mg
VIRAMUNE,50mg/5mL;400mg
VIREAD,150mg;200mg;250mg;300mg
VIREAD powder,40mg/scoop
VISTARIL,25mg;50mg
Vitamin D2,1.25mg (50000IU)
VIVELLE-DOT,0.025mg/day;0.0375mg/day;0.05mg/day;0.075mg/day;0.1mg/day
VIVITROL,;
VIVJOA,150mg
VIVLODEX,5mg;10mg
VIVOTIF vaccine,;
VOCABRIA,30mg
VOLNEA,0.15mg-0.02mg-0.01mg
VOLTAREN,75mg
VOLTAREN gel,1%
VOQUEZNA dual pak,;
VOQUEZNA triple pak,;
Voriconazole,50mg;200mg
Voriconazole powder,40mg/mL
VOSEVI,400mg-100mg-100mg
VRAYLAR,1.5mg;3mg;4.5mg;6mg
VRAYLAR starter kit,;
VTAMA,1%
VUITY,1.25%
VUMERITY,231mg
VUSION,;
VYFEMLA,0.4mg-0.035mg
VYLIBRA,0.25mg-0.035mg
VYTONE,1.9%-1%
VYTORIN,10mg-10mg;10mg-20mg;10mg-40mg;10mg-80mg
VYVANSE capsule,10mg;20mg;30mg;40mg;50mg;60mg;70mg
VYVANSE chewable,10mg;20mg;30mg;40mg;50mg;60mg
VYZULTA,0.02%
WAKIX,4.45mg;17.8mg
Warfarin,1mg;2mg;2.5mg;3mg;4mg;5mg;6mg;7.5mg;10mg
WEGOVY,0.25mg;0.5mg;1mg;1.7mg;2.4mg
WELCHOL,625mg
WELCHOL packet,3.75mg
WELLBUTRIN,100mg;150mg;200mg
WELLBUTRIN XL,150mg;300mg
WERA,0.5mg-0.035mg
WINLEVI,1%
WIXELA Inhub,100mcg-50mcg;250mcg-50mcg;500mcg-50mcg
WYMZYA Fe,0.4mg-0.035mg
WYNZORA,0.005%-0.064%
XACIATO,2%
XADAGO,50mg;100mg
XALATAN,0.005%
XALKORI,200mg;250mg
XARELTO,2.5mg;10mg;15mg;20mg
XARELTO starter pack,;
XATMEP,2.5mg/mL
XCOPRI,50mg;100mg;150mg;200mg
XCOPRI titration pack,;
XELJANZ,1mg/mL;5mg;10mg
XELJANZ XR,11mg;22mg
XELPROS,0.005%
XENAZINE,12.5mg;25mg
XENICAL,120mg
XENLETA,600mg
XEPI,1%
XERESE,5%-1%
XERMELO,250mg
XHANCE,93mcg
XIFAXAN,200mg;550mg
XIGDUO XR,2.5mg-1000mg;5mg-500mg;5mg-1000mg;10mg-500mg;10mg-1000mg
XIIDRA,5%
XIMINO,45mg;90mg;135mg
XOFLUZA,20mg;40mg;80mg
XOLEGEL,2%
XOPENEX,0.31mg/3mL;0.63mg/3mL;1.25mg/3mL
XOPENEX concentrate,1.25mg/0.5mL
XOPENEX HFA,45mcg
XULANE,;
XULTOPHY 100/3.6,100 units-3.6 mg/mL
YASMIN,3mg-0.03mg
YAZ,;
YOSPRALA,81mg-40mg;325mg-40mg
YUPELRI,175mcg/3mL
YUVAFEM,10mcg
ZAFEMY,150mcg-35mcg/day
Zafirlukast,10mg;20mg
ZANAFLEX capsule,2mg;4mg;6mg
ZANAFLEX tablet,4mg
ZARAH,3mg-0.03mg
ZARONTIN,250mg/5mL;250mg
ZAVESCA,100mg
ZEBUTAL,50mg-325mg-40mg
ZEGALOGUE,0.6mg/0.6mL
ZEGERID,20mg-1100mg;20mg-1680mg;40mg-1100mg;40mg-1680mg
ZELAPAR,1.25mg
ZEMBRACE SymTouch,3mg/0.5mL
ZEMPLAR,1mcg;2mcg
ZENATANE,10mg;20mg;30mg;40mg
ZENCHENT Fe,0.4mg-35mcg
ZENPEP,3000units;5000units;10000units;15000units;20000units;25000units;40000units
ZEPATIER,50mg-100mg
ZEPOSIA,0.92mg
ZEPOSIA starter pak,;
ZERVIATE,0.24%
ZESTORETIC,10mg-12.5mg;20mg-12.5mg;20mg-25mg
ZESTRIL,2.5mg;5mg;10mg;20mg;30mg;40mg
ZETIA,10mg
ZETONNA,37mcg
ZIAC,2.5mg-6.25mg;5mg-6.25mg;10mg-6.25mg
ZIAGEN,20mg/mL;300mg
ZIANA,1.2%-0.025%
Zidovudine,10mg/mL;100mg;300mg
ZIEXTENZO,6mg/0.6mL
Zileuton,600mg
ZILXI,1.5%
ZIMHI,5mg/0.5mL
ZIOPTAN,0.0015%
Ziprasidone,20mg;40mg;60mg;80mg
ZIPSOR,25mg
ZIRGAN,0.15%
ZITHROMAX,250mg;500mg
ZITHROMAX packet,1g
ZITHROMAX powder,100mg/5mL;200mg/5mL
ZITHROMAX Z-pak,250mg
ZOCOR,10mg;20mg;40mg;80mg
ZOKINVY,50mg;75mg
Zolmitriptan,2.5mg;5mg
Zolmitriptan ODT,2.5mg;5mg
Zolmitriptan spray,2.5mg;5mg
ZOLOFT,20mg/mL;25mg;50mg;100mg
ZOMIG,2.5mg;5mg
ZOMIG nasal spray,2.5mg;5mg
ZOMIG ZMT,2.5mg;5mg
ZONALON,5%
ZONEGRAN,25mg;100mg
ZONISADE,100mg/5mL
Zonisamide,25mg;50mg;100mg
ZONTIVITY,2.08mg
ZORVOLEX,18mg;35mg
ZORYVE,0.3%
ZOSTAVAX vaccine,;
ZOVIA 1/35,1mg-0.035mg
ZOVIRAX cream,5%
ZOVIRAX ointment,5%
ZOVIRAX suspension,200mg/5mL
ZTLIDO,1.8%
ZUMANDIMINE,3mg-0.03mg
ZUPLENZ,4mg;8mg
ZYCLARA,2.5%;3.75%
ZYFLO,600mg
ZYLET eye drops,0.5%-0.3%
ZYLOPRIM,100mg;200mg;300mg
ZYMAXID,0.50%
ZYPITAMAG,1mg;2mg;4mg
ZYPREXA,2.5mg;5mg;7.5mg;10mg;15mg;20mg
ZYPREXA ODT,5mg;10mg;15mg;20mg
ZYVOX,100mg/5mL;600mg